BBG Code,Ticker,MAIN UN
UAL UW,UAL,UW
CSX UW,CSX,UW
NFLX UW,NFLX,UW
ASML UW,ASML,UW
ERIC UW,ERIC,UW
ISRG UW,ISRG,UW
CDNS UW,CDNS,UW
BIIB UW,BIIB,UW
MLCO UW,MLCO,UW
TXN UW,TXN,UW
ALXN UW,ALXN,UW
EBAY UW,EBAY,UW
LRCX UW,LRCX,UW
NDAQ UW,NDAQ,UW
PYPL UW,PYPL,UW
TSLA UW,TSLA,UW
VRTX UW,VRTX,UW
MSFT UW,MSFT,UW
ALGN UW,ALGN,UW
AMZN UW,AMZN,UW
CMCSA UW,CMCSA,UW
FSLR UW,FSLR,UW
GILD UW,GILD,UW
ILMN UW,ILMN,UW
INTC UW,INTC,UW
TMUS UW,TMUS,UW
GT UW,GT,UW
CHKP UW,CHKP,UW
GOOG UW,GOOG,UW
GOOGL UW,GOOGL,UW
WBA UW,WBA,UW
AMD UW,AMD,UW
AMGN UW,AMGN,UW
BIDU UW,BIDU,UW
CHRW UW,CHRW,UW
EA UW,EA,UW
INCY UW,INCY,UW
AAPL UW,AAPL,UW
APA UW,APA,UW
CME UW,CME,UW
CRTO UW,CRTO,UW
CTSH UW,CTSH,UW
EQIX UW,EQIX,UW
META UW,META,UW
MAT UW,MAT,UW
MDLZ UW,MDLZ,UW
SBUX UW,SBUX,UW
SFM UW,SFM,UW
WYNN UW,WYNN,UW
CREE UW,CREE,UW
EXC UW,EXC,UW
JOBS UW,JOBS,UW
KHC UW,KHC,UW
STX UW,STX,UW
CSIQ UW,CSIQ,UW
VOD UW,VOD,UW
CSCO UW,CSCO,UW
AMAT UW,AMAT,UW
JD UW,JD,UW
NVDA UW,NVDA,UW
ADI UW,ADI,UW
PDD UW,PDD,UW
SPLK UW,SPLK,UW
MAR UW,MAR,UW
ENDP UW,ENDP,UW
FOSL UW,FOSL,UW
GLNG UW,GLNG,UW
REGN UW,REGN,UW
EXPE UW,EXPE,UW
FOXA UW,FOXA,UW
NTES UW,NTES,UW
QCOM UW,QCOM,UW
TRIP UW,TRIP,UW
ATVI UW,ATVI,UW
BKNG UW,BKNG,UW
GPRO UW,GPRO,UW
SWKS UW,SWKS,UW
LI UW,LI,UW
ADBE UW,ADBE,UW
COST UW,COST,UW
MU UW,MU,UW
CONN UW,CONN,UW
WDAY UW,WDAY,UW
TCOM UW,TCOM,UW
AVGO UW,AVGO,UW
MRVL UW,MRVL,UW
ULTA UW,ULTA,UW
PEP UW,PEP,UW
CHTR UW,CHTR,UW
RYAAY UW,RYAAY,UW
XLNX UW,XLNX,UW
IRBT UW,IRBT,UW
BYND UW,BYND,UW
IQ UW,IQ,UW
ZM UW,ZM,UW
LULU UW,LULU,UW
DOCU UW,DOCU,UW
OKTA UW,OKTA,UW
ZS UW,ZS,UW
BNTX UW,BNTX,UW
INO UW,INO,UW
DXCM UW,DXCM,UW
PTON UW,PTON,UW
LYFT UW,LYFT,UW
SNPS UW,SNPS,UW
MRNA UW,MRNA,UW
CRWD UW,CRWD,UW
MELI UW,MELI,UW
KLAC UW,KLAC,UW
BILI UW,BILI,UW
REAL UW,REAL,UW
DLTR UW,DLTR,UW
ROKU UW,ROKU,UW
SEDG UW,SEDG,UW
TLRY UW,TLRY,UW
NXPI UW,NXPI,UW
AEP UW,AEP,UW
AAL UW,AAL,UW
TRUE UW,TRUE,UW
SATS UW,SATS,UW
CD UW,CD,UW
GLPG UW,GLPG,UW
AZN UW,AZN,UW
TSCO UW,TSCO,UW
CAC UW,CAC,UW
SCR UW,SCR,UW
ADP UW,ADP,UW
ARGX UW,ARGX,UW
OPEN UW,OPEN,UW
AVIR  UW,AVIR ,UW
DIGI UV,DIGI,UV
ROSN UV,ROSN,UV
EXCL UV,EXCL,UV
INTP UV,INTP,UV
ISAT UV,ISAT,UV
BAYN UV,BAYN,UV
LEAS UV,LEAS,UV
INTO UV,INTO,UV
PLUG UR,PLUG,UR
MTC UR,MTC,UR
ENG UR,ENG,UR
NOVN UR,NOVN,UR
RAND UR,RAND,UR
ICAD UR,ICAD,UR
ABIO UR,ABIO,UR
KIN UR,KIN,UR
AAXJ UQ,AAXJ,UQ
ACWI UQ,ACWI,UQ
DVY UQ,DVY,UQ
EEMA UQ,EEMA,UQ
EMB UQ,EMB,UQ
EUFN UQ,EUFN,UQ
IBB UQ,IBB,UQ
IEF UQ,IEF,UQ
IEI UQ,IEI,UQ
MCHI UQ,MCHI,UQ
QQQ UQ,QQQ,UQ
SHY UQ,SHY,UQ
SLQD UQ,SLQD,UQ
SMH UQ,SMH,UQ
TLT UQ,TLT,UQ
VCSH UQ,VCSH,UQ
VONE UQ,VONE,UQ
VTHR UQ,VTHR,UQ
VTWO UQ,VTWO,UQ
CRSP UQ,CRSP,UQ
SOXX UQ,SOXX,UQ
ENPH UQ,ENPH,UQ
TELA  UQ,TELA ,UQ
QH UQ,QH,UQ
LAND UQ,LAND,UQ
FCA UQ,FCA,UQ
BSDE UQ,BSDE,UQ
UG UQ,UG,UQ
TLS UQ,TLS,UQ
QCLN UQ,QCLN,UQ
AGG UP,AGG,UP
ASHR UP,ASHR,UP
CGW UP,CGW,UP
DBJP UP,DBJP,UP
DVYE UP,DVYE,UP
EEM UP,EEM,UP
EIDO UP,EIDO,UP
EWA UP,EWA,UP
EWC UP,EWC,UP
EWG UP,EWG,UP
EWJ UP,EWJ,UP
EWM UP,EWM,UP
EWP UP,EWP,UP
EWS UP,EWS,UP
EWT UP,EWT,UP
EWW UP,EWW,UP
EWZ UP,EWZ,UP
FEZ UP,FEZ,UP
FXI UP,FXI,UP
GDX UP,GDX,UP
GDXJ UP,GDXJ,UP
GLD UP,GLD,UP
HEWJ UP,HEWJ,UP
HYG UP,HYG,UP
IEMG UP,IEMG,UP
IJH UP,IJH,UP
IJR UP,IJR,UP
IOO UP,IOO,UP
IVV UP,IVV,UP
IWM UP,IWM,UP
IWV UP,IWV,UP
KBE UP,KBE,UP
LQD UP,LQD,UP
MDY UP,MDY,UP
OIH UP,OIH,UP
RWO UP,RWO,UP
SLV UP,SLV,UP
SPIB UP,SPIB,UP
SPTL UP,SPTL,UP
SPY UP,SPY,UP
TIP UP,TIP,UP
URTH UP,URTH,UP
VIOO UP,VIOO,UP
VNQ UP,VNQ,UP
VOO UP,VOO,UP
VYM UP,VYM,UP
XBI UP,XBI,UP
XLE UP,XLE,UP
XLF UP,XLF,UP
XLK UP,XLK,UP
XLU UP,XLU,UP
XLV UP,XLV,UP
XME UP,XME,UP
XOP UP,XOP,UP
DIA UP,DIA,UP
KRE UP,KRE,UP
ARKK UP,ARKK,UP
IHI UP,IHI,UP
SCC UP,SCC,UP
MINT UP,MINT,UP
VIS UP,VIS,UP
DBS UP,DBS,UP
CRBN UP,CRBN,UP
SPSB UP,SPSB,UP
HART UP,HART,UP
CORP UP,CORP,UP
HYLD UP,HYLD,UP
IDNA UP,IDNA,UP
QDIV UP,QDIV,UP
ROBO UP,ROBO,UP
EZJ UP,EZJ,UP
IG UP,IG,UP
INCO UP,INCO,UP
INDF UP,INDF,UP
GBF UP,GBF,UP
INFL UP,INFL,UP
JPN UP,JPN,UP
TFI UP,TFI,UP
RXL UP,RXL,UP
SCHP UP,SCHP,UP
BAR UP,BAR,UP
UMI UP,UMI,UP
COMB UP,COMB,UP
PBW UP,PBW,UP
BLOK UP,BLOK,UP
BDO UO,BDO,UO
XPEV UN,XPEV,UN
SRG UN,SRG,UN
INFY UN,INFY,UN
C UN,C,UN
DAL UN,DAL,UN
JPM UN,JPM,UN
UNH UN,UNH,UN
BAC UN,BAC,UN
BK UN,BK,UN
BLK UN,BLK,UN
GS UN,GS,UN
KMI UN,KMI,UN
SCHW UN,SCHW,UN
USB UN,USB,UN
AA UN,AA,UN
STZ UN,STZ,UN
IBM UN,IBM,UN
JNJ UN,JNJ,UN
WFC UN,WFC,UN
ABT UN,ABT,UN
LEN UN,LEN,UN
HON UN,HON,UN
MS UN,MS,UN
PM UN,PM,UN
TSM UN,TSM,UN
UNP UN,UNP,UN
AXP UN,AXP,UN
KO UN,KO,UN
KSU UN,KSU,UN
MAN UN,MAN,UN
SLB UN,SLB,UN
STT UN,STT,UN
SYF UN,SYF,UN
HAL UN,HAL,UN
EDU UN,EDU,UN
EQR UN,EQR,UN
KMB UN,KMB,UN
LMT UN,LMT,UN
MCD UN,MCD,UN
NUE UN,NUE,UN
PG UN,PG,UN
SKX UN,SKX,UN
SNAP UN,SNAP,UN
TRV UN,TRV,UN
UPS UN,UPS,UN
ANTM UN,ANTM,UN
APH UN,APH,UN
BA UN,BA,UN
BSX UN,BSX,UN
BX UN,BX,UN
CAT UN,CAT,UN
CLF UN,CLF,UN
CMG UN,CMG,UN
EW UN,EW,UN
FCX UN,FCX,UN
HLT UN,HLT,UN
HRI UN,HRI,UN
IVZ UN,IVZ,UN
LLY UN,LLY,UN
LVS UN,LVS,UN
NSC UN,NSC,UN
TMO UN,TMO,UN
WM UN,WM,UN
BAX UN,BAX,UN
CX UN,CX,UN
DHR UN,DHR,UN
DOW UN,DOW,UN
F UN,F,UN
JNPR UN,JNPR,UN
LUV UN,LUV,UN
MMM UN,MMM,UN
NOC UN,NOC,UN
NOK UN,NOK,UN
PAC UN,PAC,UN
PBR UN,PBR,UN
PCG UN,PCG,UN
SWN UN,SWN,UN
TAL UN,TAL,UN
TV UN,TV,UN
TWTR UN,TWTR,UN
V UN,V,UN
VALE UN,VALE,UN
VLO UN,VLO,UN
ABEV UN,ABEV,UN
BCS UN,BCS,UN
COF UN,COF,UN
ITW UN,ITW,UN
KOF UN,KOF,UN
PSX UN,PSX,UN
VFC UN,VFC,UN
VZ UN,VZ,UN
IBN UN,IBN,UN
FMX UN,FMX,UN
HSBC UN,HSBC,UN
NOV UN,NOV,UN
SPOT UN,SPOT,UN
T UN,T,UN
VNO UN,VNO,UN
WELL UN,WELL,UN
BP UN,BP,UN
COP UN,COP,UN
ETN UN,ETN,UN
GLW UN,GLW,UN
GM UN,GM,UN
GNW UN,GNW,UN
HLF UN,HLF,UN
K UN,K,UN
MA UN,MA,UN
MRK UN,MRK,UN
PFE UN,PFE,UN
PSA UN,PSA,UN
SLCA UN,SLCA,UN
SYK UN,SYK,UN
TPR UN,TPR,UN
VMC UN,VMC,UN
HCA UN,HCA,UN
ALL UN,ALL,UN
BABA UN,BABA,UN
BKR UN,BKR,UN
CF UN,CF,UN
DDD UN,DDD,UN
ETR UN,ETR,UN
GE UN,GE,UN
H UN,H,UN
HES UN,HES,UN
MCK UN,MCK,UN
MET UN,MET,UN
MGM UN,MGM,UN
RSG UN,RSG,UN
SO UN,SO,UN
SPG UN,SPG,UN
TOT UN,TOT,UN
X UN,X,UN
YUM UN,YUM,UN
YUMC UN,YUMC,UN
ADM UN,ADM,UN
AIG UN,AIG,UN
AMT UN,AMT,UN
BBD UN,BBD,UN
BMY UN,BMY,UN
BWA UN,BWA,UN
CI UN,CI,UN
DD UN,DD,UN
EL UN,EL,UN
FLR UN,FLR,UN
ICE UN,ICE,UN
MO UN,MO,UN
MUR UN,MUR,UN
RDS/A UN,RDS/A,UN
XYL UN,XYL,UN
ABBV UN,ABBV,UN
CL UN,CL,UN
CVX UN,CVX,UN
D UN,D,UN
RDY UN,RDY,UN
WU UN,WU,UN
XOM UN,XOM,UN
VIPS UN,VIPS,UN
DHI UN,DHI,UN
ERJ UN,ERJ,UN
LIN UN,LIN,UN
TSN UN,TSN,UN
MBT UN,MBT,UN
TTM UN,TTM,UN
WMT UN,WMT,UN
HD UN,HD,UN
KSS UN,KSS,UN
MDT UN,MDT,UN
TJX UN,TJX,UN
LB UN,LB,UN
LOW UN,LOW,UN
TGT UN,TGT,UN
GPS UN,GPS,UN
JWN UN,JWN,UN
M UN,M,UN
QD UN,QD,UN
BBY UN,BBY,UN
ANF UN,ANF,UN
CRM UN,CRM,UN
DE UN,DE,UN
HPQ UN,HPQ,UN
PANW UN,PANW,UN
PVH UN,PVH,UN
BRK/A UN,BRK/A,UN
BRK/B UN,BRK/B,UN
ITUB UN,ITUB,UN
OXY UN,OXY,UN
PRU UN,PRU,UN
PXD UN,PXD,UN
SYY UN,SYY,UN
UA UN,UA,UN
UAA UN,UAA,UN
BDX UN,BDX,UN
DVN UN,DVN,UN
EMR UN,EMR,UN
MOS UN,MOS,UN
NEM UN,NEM,UN
NUS UN,NUS,UN
VIV UN,VIV,UN
WLL UN,WLL,UN
ALB UN,ALB,UN
CVS UN,CVS,UN
MRO UN,MRO,UN
ROK UN,ROK,UN
SPR UN,SPR,UN
SQ UN,SQ,UN
ZTO UN,ZTO,UN
APD UN,APD,UN
DIS UN,DIS,UN
EOG UN,EOG,UN
JCI UN,JCI,UN
RL UN,RL,UN
TDC UN,TDC,UN
TEVA UN,TEVA,UN
TM UN,TM,UN
DUK UN,DUK,UN
KR UN,KR,UN
ORCL UN,ORCL,UN
FDX UN,FDX,UN
ACN UN,ACN,UN
CCL UN,CCL,UN
GIS UN,GIS,UN
NKE UN,NKE,UN
GWRE UN,GWRE,UN
GME UN,GME,UN
OMC UN,OMC,UN
AMX UN,AMX,UN
BHP UN,BHP,UN
SU UN,SU,UN
DG UN,DG,UN
HDB UN,HDB,UN
NOW UN,NOW,UN
UBER UN,UBER,UN
DB UN,DB,UN
GOLD UN,GOLD,UN
PTR UN,PTR,UN
MCO UN,MCO,UN
NIO UN,NIO,UN
RACE UN,RACE,UN
SAVE UN,SAVE,UN
ATI UN,ATI,UN
SHOP UN,SHOP,UN
RH UN,RH,UN
LMND UN,LMND,UN
SHAK UN,SHAK,UN
RTX UN,RTX,UN
TDOC UN,TDOC,UN
SE UN,SE,UN
NEE UN,NEE,UN
FIS UN,FIS,UN
GPN UN,GPN,UN
PLD UN,PLD,UN
CTVA UN,CTVA,UN
SNOW UN,SNOW,UN
PHG UN,PHG,UN
WORK UN,WORK,UN
FSLY UN,FSLY,UN
CLX UN,CLX,UN
PINS UN,PINS,UN
PLTR UW,PLTR,UW
U UN,U,UN
AMC UN,AMC,UN
NCLH UN,NCLH,UN
QS UN,QS,UN
IQV UN,IQV,UN
AWR UN,AWR,UN
LYB UN,LYB,UN
BCC UN,BCC,UN
FTCH UN,FTCH,UN
UMC UN,UMC,UN
BBL UN,BBL,UN
KTB UN,KTB,UN
BCH UN,BCH,UN
LH UN,LH,UN
CPF UN,CPF,UN
TU UN,TU,UN
BH UN,BH,UN
SAND UN,SAND,UN
BKT UN,BKT,UN
SAN UN,SAN,UN
BBVA UN,BBVA,UN
HOME UN,HOME,UN
CAF UN,CAF,UN
TEF UN,TEF,UN
KEP UN,KEP,UN
SPH UN,SPH,UN
FCT UN,FCT,UN
SMM UN,SMM,UN
CAPL UN,CAPL,UN
SCI UN,SCI,UN
STE UN,STE,UN
CIT UN,CIT,UN
ST UN,ST,UN
ROG UN,ROG,UN
CFR UN,CFR,UN
AC UN,AC,UN
SM UN,SM,UN
TEL UN,TEL,UN
DNB UN,DNB,UN
DSM UN,DSM,UN
MT UN,MT,UN
ATC UN,ATC,UN
GAM UN,GAM,UN
SDHY UN,SDHY,UN
GSK UN,GSK,UN
CPG UN,CPG,UN
CNA UN,CNA,UN
RIO UN,RIO,UN
WPP UN,WPP,UN
FERG UN,FERG,UN
ASC UN,ASC,UN
INFO UN,INFO,UN
TEN UN,TEN,UN
TRN UN,TRN,UN
G UN,G,UN
UNVR UN,UNVR,UN
CRH UN,CRH,UN
SAP UN,SAP,UN
MTX UN,MTX,UN
LEG UN,LEG,UN
ADS UN,ADS,UN
DTE UN,DTE,UN
HEI UN,HEI,UN
ALV UN,ALV,UN
EEA UN,EEA,UN
ESE UN,ESE,UN
STN UN,STN,UN
WAT UN,WAT,UN
MC UN,MC,UN
BB UN,BB,UN
FTI UN,FTI,UN
STM UN,STM,UN
ORA UN,ORA,UN
AIR UN,AIR,UN
CNP UN,CNP,UN
TRI UN,TRI,UN
KN UN,KN,UN
ACA UN,ACA,UN
AI UN,AI,UN
CAP UN,CAP,UN
EDF UN,EDF,UN
ATO UN,ATO,UN
CS UN,CS,UN
FR UN,FR,UN
OR UN,OR,UN
CRI UN,CRI,UN
RF UN,RF,UN
CO UN,CO,UN
ERF UN,ERF,UN
QSR UN,QSR,UN
BCE UN,BCE,UN
BNS UN,BNS,UN
NTR UN,NTR,UN
CNQ UN,CNQ,UN
RY UN,RY,UN
TD UN,TD,UN
EURN UN,EURN,UN
TNET UN,TNET,UN
EBS UN,EBS,UN
PSTG UN,PSTG,UN
COUR UN,COUR,UN
QSR UN,QSR,UN
INDA UF,INDA,UF
MTUM UF,MTUM,UF
QUAL UF,QUAL,UF
RSX UF,RSX,UF
VLUE UF,VLUE,UF
VNM UF,VNM,UF
ARKG UF,ARKG,UF
WIL UF,WIL,UF
SPMV UF,SPMV,UF
BBCA UF,BBCA,UF
BOSS UF,BOSS,UF
EDEN UF,EDEN,UF
REC UF,REC,UF
5930 JT,5930,JT
6360 JT,6360,JT
4020 JT,4020,JT
6400 JT,6400,JT
2651 JT,2651,JT
8954 JT,8954,JT
7741 JT,7741,JT
8604 JT,8604,JT
5938 JT,5938,JT
6963 JT,6963,JT
6981 JT,6981,JT
7974 JT,7974,JT
9504 JT,9504,JT
9506 JT,9506,JT
9508 JT,9508,JT
7936 JT,7936,JT
8952 JT,8952,JT
9984 JT,9984,JT
6370 JT,6370,JT
7186 JT,7186,JT
8951 JT,8951,JT
9201 JT,9201,JT
2185 JT,2185,JT
51900 HK,51900,HK
660 HK,660,HK
720 HK,720,HK
12330 HK,12330,HK
11070 HK,11070,HK
17670 HK,17670,HK
21240 HK,21240,HK
11170 HK,11170,HK
18880 HK,18880,HK
810 HK,810,HK
23530 HK,23530,HK
823 HK,823,HK
973 HK,973,HK
945 HK,945,HK
2638 HK,2638,HK
89 HK,89,HK
625 HK,625,HK
XFAB FP,XFAB,FP
A UN,A,UN
AAC UN,AAC,UN
AAN UN,AAN,UN
AAOI UQ,AAOI,UQ
AAON UW,AAON,UW
AAP UN,AAP,UN
AAT UN,AAT,UN
AAU UA,AAU,UA
AAVVF UV,AAVVF,UV
AAWW UW,AAWW,UW
AB UN,AB,UN
ABC UN,ABC,UN
ABCB UW,ABCB,UW
ABEO UR,ABEO,UR
ABG UN,ABG,UN
ABM UN,ABM,UN
ABMD UW,ABMD,UW
ABNB UW,ABNB,UW
ABR UN,ABR,UN
ABTX UQ,ABTX,UQ
ABUS UW,ABUS,UW
ACAD UW,ACAD,UW
ACC UN,ACC,UN
ACCO UN,ACCO,UN
ACET UQ,ACET,UQ
ACFN UV,ACFN,UV
ACGL UW,ACGL,UW
ACHC UW,ACHC,UW
ACHV UR,ACHV,UR
ACIW UW,ACIW,UW
ACLS UW,ACLS,UW
ACM UN,ACM,UN
ACMR UQ,ACMR,UQ
ACOR UW,ACOR,UW
ACRE UN,ACRE,UN
ACRS UW,ACRS,UW
ACRX UQ,ACRX,UQ
ACTG UW,ACTG,UW
ACUR UV,ACUR,UV
ACWV UF,ACWV,UF
ACWX UQ,ACWX,UQ
ADAP UW,ADAP,UW
ADC UN,ADC,UN
ADMA UQ,ADMA,UQ
ADMP UR,ADMP,UR
ADMS UQ,ADMS,UQ
ADNT UN,ADNT,UN
ADPT UW,ADPT,UW
ADSK UW,ADSK,UW
ADT UN,ADT,UN
ADTN UW,ADTN,UW
ADUS UW,ADUS,UW
ADVM UQ,ADVM,UQ
ADXS UR,ADXS,UR
AEE UN,AEE,UN
AEGN UW,AEGN,UW
AEIS UW,AEIS,UW
AEL UN,AEL,UN
AEO UN,AEO,UN
AERI UQ,AERI,UQ
AES UN,AES,UN
AEZS UR,AEZS,UR
AFFY UV,AFFY,UV
AFG UN,AFG,UN
AFI UN,AFI,UN
AFL UN,AFL,UN
AFMD UQ,AFMD,UQ
AFRM UW,AFRM,UW
AFTY UP,AFTY,UP
AFYA UW,AFYA,UW
AGCO UN,AGCO,UN
AGEN UR,AGEN,UR
AGFS UW,AGFS,UW
AGI UN,AGI,UN
AGIO UW,AGIO,UW
AGLE UQ,AGLE,UQ
AGM UN,AGM,UN
AGNC UW,AGNC,UW
AGO UN,AGO,UN
AGQ UP,AGQ,UP
AGR UN,AGR,UN
AGRO UN,AGRO,UN
AGRX UR,AGRX,UR
AGS UN,AGS,UN
AGTC UQ,AGTC,UQ
AGX UN,AGX,UN
AGYS UW,AGYS,UW
AHC UN,AHC,UN
AHCO UR,AHCO,UR
AHH UN,AHH,UN
AHT UN,AHT,UN
AIMC UW,AIMC,UW
AIN UN,AIN,UN
AINV UW,AINV,UW
AIRC UN,AIRC,UN
AIRG UR,AIRG,UR
AIT UN,AIT,UN
AIV UN,AIV,UN
AIZ UN,AIZ,UN
AJG UN,AJG,UN
AJRD UN,AJRD,UN
AKAM UW,AKAM,UW
AKAOQ UV,AKAOQ,UV
AKBA UQ,AKBA,UQ
AKR UN,AKR,UN
AKTS UR,AKTS,UR
AL UN,AL,UN
ALBO UR,ALBO,UR
ALC UN,ALC,UN
ALDX UR,ALDX,UR
ALE UN,ALE,UN
ALEC UW,ALEC,UW
ALEX UN,ALEX,UN
ALFA UF,ALFA,UF
ALG UN,ALG,UN
ALGT UW,ALGT,UW
ALIM UQ,ALIM,UQ
ALK UN,ALK,UN
ALKS UW,ALKS,UW
ALLE UN,ALLE,UN
ALLK UW,ALLK,UW
ALLO UW,ALLO,UW
ALLT UW,ALLT,UW
ALLY UN,ALLY,UN
ALNY UW,ALNY,UW
ALRM UW,ALRM,UW
ALSK UW,ALSK,UW
ALSN UN,ALSN,UN
ALT UQ,ALT,UQ
ALTM UQ,ALTM,UQ
ALTR UW,ALTR,UW
AM UN,AM,UN
AMBA UW,AMBA,UW
AMBC UN,AMBC,UN
AMCR UN,AMCR,UN
AMCX UW,AMCX,UW
AME UN,AME,UN
AMED UW,AMED,UW
AMG UN,AMG,UN
AMH UN,AMH,UN
AMJ UP,AMJ,UP
AMKR UW,AMKR,UW
AMLP UP,AMLP,UP
AMN UN,AMN,UN
AMNB UW,AMNB,UW
AMOT UQ,AMOT,UQ
AMP UN,AMP,UN
AMPE UA,AMPE,UA
AMPH UW,AMPH,UW
AMPY UN,AMPY,UN
AMR UN,AMR,UN
AMRC UN,AMRC,UN
AMRN UQ,AMRN,UQ
AMRS UW,AMRS,UW
AMRX UN,AMRX,UN
AMSC UW,AMSC,UW
AMSF UW,AMSF,UW
AMSWA UW,AMSWA,UW
AMWD UW,AMWD,UW
AMWL UN,AMWL,UN
AMZA UP,AMZA,UP
AN UN,AN,UN
ANAB UW,ANAB,UW
ANAT UW,ANAT,UW
ANDE UW,ANDE,UW
ANET UN,ANET,UN
ANGI UW,ANGI,UW
ANGL UQ,ANGL,UQ
ANGO UW,ANGO,UW
ANIK UW,ANIK,UW
ANIP UQ,ANIP,UQ
ANSS UW,ANSS,UW
ANTE UR,ANTE,UR
ANTH UV,ANTH,UV
ANY UR,ANY,UR
AON UN,AON,UN
AOS UN,AOS,UN
AOSL UW,AOSL,UW
AP UN,AP,UN
APAM UN,APAM,UN
APDN UR,APDN,UR
APEI UW,APEI,UW
APEN UQ,APEN,UQ
API UW,API,UW
APLE UN,APLE,UN
APLS UW,APLS,UW
APO UN,APO,UN
APOG UW,APOG,UW
APP UW,APP,UW
APPF UQ,APPF,UQ
APPN UQ,APPN,UQ
APPS UR,APPS,UR
APRN UN,APRN,UN
APT UA,APT,UA
APTO UR,APTO,UR
APTS UN,APTS,UN
APVO UR,APVO,UR
APYX UW,APYX,UW
AQMS UR,AQMS,UR
AQUA UN,AQUA,UN
AR UN,AR,UN
ARAV UW,ARAV,UW
ARAY UW,ARAY,UW
ARC UN,ARC,UN
ARCB UW,ARCB,UW
ARCC UW,ARCC,UW
ARCH UN,ARCH,UN
ARCO UN,ARCO,UN
ARCT UQ,ARCT,UQ
ARCW UV,ARCW,UV
ARD UN,ARD,UN
ARDX UQ,ARDX,UQ
ARE UN,ARE,UN
ARES UN,ARES,UN
ARGT UP,ARGT,UP
ARI UN,ARI,UN
ARKF UP,ARKF,UP
ARKQ UF,ARKQ,UF
ARKW UP,ARKW,UP
ARLO UN,ARLO,UN
ARLP UW,ARLP,UW
ARM UW,ARM,UW
ARMK UN,ARMK,UN
ARNA UW,ARNA,UW
ARNC UN,ARNC,UN
AROC UN,AROC,UN
AROW UW,AROW,UW
ARR UN,ARR,UN
ARRY UQ,ARRY,UQ
ARTNA UW,ARTNA,UW
ARVN UW,ARVN,UW
ARW UN,ARW,UN
ARWR UW,ARWR,UW
ASA UN,ASA,UN
ASAN UN,ASAN,UN
ASB UN,ASB,UN
ASGN UN,ASGN,UN
ASH UN,ASH,UN
ASHS UP,ASHS,UP
ASIX UN,ASIX,UN
ASMB UW,ASMB,UW
ASND UW,ASND,UW
ASPS UW,ASPS,UW
ASRT UR,ASRT,UR
ASRV UQ,ASRV,UQ
ASTC UR,ASTC,UR
ASTE UW,ASTE,UW
ASTI UV,ASTI,UV
ASUR UR,ASUR,UR
ASYS UW,ASYS,UW
AT UN,AT,UN
ATAX UW,ATAX,UW
ATEC UW,ATEC,UW
ATEN UN,ATEN,UN
ATEX UR,ATEX,UR
ATGE UN,ATGE,UN
ATH UN,ATH,UN
ATHX UR,ATHX,UR
ATKR UN,ATKR,UN
ATLC UW,ATLC,UW
ATNI UW,ATNI,UW
ATNM UA,ATNM,UA
ATNX UW,ATNX,UW
ATOS UR,ATOS,UR
ATR UN,ATR,UN
ATRA UW,ATRA,UW
ATRC UQ,ATRC,UQ
ATRO UW,ATRO,UW
ATRS UR,ATRS,UR
ATSG UW,ATSG,UW
ATUS UN,ATUS,UN
AUB UW,AUB,UW
AUDC UW,AUDC,UW
AUMN UA,AUMN,UA
AUOTY UV,AUOTY,UV
AUPH UQ,AUPH,UQ
AUTO UR,AUTO,UR
AVA UN,AVA,UN
AVAV UW,AVAV,UW
AVB UN,AVB,UN
AVD UN,AVD,UN
AVDL UQ,AVDL,UQ
AVEO UR,AVEO,UR
AVGR UR,AVGR,UR
AVID UW,AVID,UW
AVIR UW,AVIR,UW
AVLR UN,AVLR,UN
AVNS UN,AVNS,UN
AVRO UW,AVRO,UW
AVT UW,AVT,UW
AVTR UN,AVTR,UN
AVXL UR,AVXL,UR
AVY UN,AVY,UN
AVYA UN,AVYA,UN
AWH UR,AWH,UR
AWI UN,AWI,UN
AWK UN,AWK,UN
AWRE UQ,AWRE,UQ
AX UN,AX,UN
AXAS UR,AXAS,UR
AXDX UR,AXDX,UR
AXGN UR,AXGN,UR
AXL UN,AXL,UN
AXNX UW,AXNX,UW
AXS UN,AXS,UN
AXSM UQ,AXSM,UQ
AXTA UN,AXTA,UN
AXTI UW,AXTI,UW
AXU UA,AXU,UA
AY UW,AY,UW
AYI UN,AYI,UN
AYX UN,AYX,UN
AZO UN,AZO,UN
AZPN UW,AZPN,UW
AZZ UN,AZZ,UN
B UN,B,UN
BAH UN,BAH,UN
BAK UN,BAK,UN
BAL UP,BAL,UP
BALTF UV,BALTF,UV
BAM UN,BAM,UN
BANC UN,BANC,UN
BAND UW,BAND,UW
BANR UW,BANR,UW
BATRA UW,BATRA,UW
BATRK UW,BATRK,UW
BBAR UN,BBAR,UN
BBBY UW,BBBY,UW
BBDC UN,BBDC,UN
BBH UQ,BBH,UQ
BBI UR,BBI,UR
BBIO UW,BBIO,UW
BBSI UW,BBSI,UW
BBU UN,BBU,UN
BBW UN,BBW,UN
BC UN,BC,UN
BCBP UQ,BCBP,UQ
BCEI UN,BCEI,UN
BCI UP,BCI,UP
BCLI UR,BCLI,UR
BCO UN,BCO,UN
BCOR UW,BCOR,UW
BCOV UW,BCOV,UW
BCPC UW,BCPC,UW
BCRX UW,BCRX,UW
BCSF UN,BCSF,UN
BDC UN,BDC,UN
BDN UN,BDN,UN
BDSI UW,BDSI,UW
BE UN,BE,UN
BEAM UW,BEAM,UW
BEBE UV,BEBE,UV
BECN UW,BECN,UW
BELFB UW,BELFB,UW
BEN UN,BEN,UN
BERY UN,BERY,UN
BEST UN,BEST,UN
BF/B UN,BF/B,UN
BFAM UN,BFAM,UN
BFIN UW,BFIN,UW
BFOR UP,BFOR,UP
BG UN,BG,UN
BGCP UW,BGCP,UW
BGFV UW,BGFV,UW
BGS UN,BGS,UN
BHC UN,BHC,UN
BHE UN,BHE,UN
BHF UW,BHF,UW
BHLB UN,BHLB,UN
BHR UN,BHR,UN
BHVN UN,BHVN,UN
BIB UQ,BIB,UQ
BIG UN,BIG,UN
BIGC UQ,BIGC,UQ
BIL UP,BIL,UP
BIO UN,BIO,UN
BIOC UR,BIOC,UR
BIP UN,BIP,UN
BIS UQ,BIS,UQ
BIV UP,BIV,UP
BJK UQ,BJK,UQ
BJRI UW,BJRI,UW
BKCC UW,BKCC,UW
BKD UN,BKD,UN
BKE UN,BKE,UN
BKEP UQ,BKEP,UQ
BKH UN,BKH,UN
BKI UN,BKI,UN
BKLN UP,BKLN,UP
BKU UN,BKU,UN
BL UW,BL,UW
BLCM UR,BLCM,UR
BLCN UQ,BLCN,UQ
BLD UN,BLD,UN
BLDP UQ,BLDP,UQ
BLDR UW,BLDR,UW
BLFS UR,BLFS,UR
BLKB UW,BLKB,UW
BLL UN,BLL,UN
BLMN UW,BLMN,UW
BLNK UR,BLNK,UR
BLUE UW,BLUE,UW
BLV UP,BLV,UP
BLX UN,BLX,UN
BMBL UW,BMBL,UW
BMI UN,BMI,UN
BMO UN,BMO,UN
BMRN UW,BMRN,UW
BMTC UW,BMTC,UW
BND UQ,BND,UQ
BNDX UQ,BNDX,UQ
BNED UN,BNED,UN
BNFT UQ,BNFT,UQ
BNO UP,BNO,UP
BOCH UQ,BOCH,UQ
BOH UN,BOH,UN
BOIL UP,BOIL,UP
BOKF UW,BOKF,UW
BONTQ UV,BONTQ,UV
BOOM UW,BOOM,UW
BOOT UN,BOOT,UN
BOTZ UQ,BOTZ,UQ
BOX UN,BOX,UN
BPFH UW,BPFH,UW
BPMC UW,BPMC,UW
BPMP UN,BPMP,UN
BPOP UW,BPOP,UW
BPT UN,BPT,UN
BPY UW,BPY,UW
BR UN,BR,UN
BRBR UN,BRBR,UN
BRC UN,BRC,UN
BRG UA,BRG,UA
BRKL UW,BRKL,UW
BRKR UW,BRKR,UW
BRKS UW,BRKS,UW
BRLI UR,BRLI,UR
BRO UN,BRO,UN
BRX UN,BRX,UN
BRY UW,BRY,UW
BSET UW,BSET,UW
BSGM UR,BSGM,UR
BSM UN,BSM,UN
BSQR UR,BSQR,UR
BSRR UW,BSRR,UW
BSV UP,BSV,UP
BTG UA,BTG,UA
BTN UA,BTN,UA
BTT UN,BTT,UN
BTU UN,BTU,UN
BTX UA,BTX,UA
BURL UN,BURL,UN
BUSE UW,BUSE,UW
BV UN,BV,UN
BW UN,BW,UN
BWEN UR,BWEN,UR
BWX UP,BWX,UP
BWXT UN,BWXT,UN
BXC UN,BXC,UN
BXMT UN,BXMT,UN
BXP UN,BXP,UN
BXS UN,BXS,UN
BYD UN,BYD,UN
BZH UN,BZH,UN
BZQ UP,BZQ,UP
CAAS UR,CAAS,UR
CACC UW,CACC,UW
CACI UN,CACI,UN
CADE UN,CADE,UN
CAE UN,CAE,UN
CAG UN,CAG,UN
CAH UN,CAH,UN
CAI UN,CAI,UN
CAKE UW,CAKE,UW
CAL UN,CAL,UN
CALA UW,CALA,UW
CALM UW,CALM,UW
CALX UN,CALX,UN
CAMP UW,CAMP,UW
CAMT UQ,CAMT,UQ
CANE UP,CANE,UP
CANF UA,CANF,UA
CAR UW,CAR,UW
CARA UQ,CARA,UQ
CARG UW,CARG,UW
CARR UN,CARR,UN
CARS UN,CARS,UN
CAS UN,CAS,UN
CASA UW,CASA,UW
CASH UW,CASH,UW
CASS UW,CASS,UW
CASY UW,CASY,UW
CATB UQ,CATB,UQ
CATM UW,CATM,UW
CATO UN,CATO,UN
CATY UW,CATY,UW
CB UN,CB,UN
CBAY UW,CBAY,UW
CBB UN,CBB,UN
CBIO UR,CBIO,UR
CBLI UR,CBLI,UR
CBOE UF,CBOE,UF
CBRE UN,CBRE,UN
CBRL UW,CBRL,UW
CBSH UW,CBSH,UW
CBT UN,CBT,UN
CBU UN,CBU,UN
CBZ UN,CBZ,UN
CC UN,CC,UN
CCEP UN,CCEP,UN
CCI UN,CCI,UN
CCK UN,CCK,UN
CCLP UW,CCLP,UW
CCMP UW,CCMP,UW
CCNE UW,CCNE,UW
CCO UN,CCO,UN
CCOI UW,CCOI,UW
CCRN UW,CCRN,UW
CCS UN,CCS,UN
CCXI UW,CCXI,UW
CDAY UN,CDAY,UN
CDE UN,CDE,UN
CDEV UR,CDEV,UR
CDK UW,CDK,UW
CDLX UQ,CDLX,UQ
CDMO UR,CDMO,UR
CDNA UQ,CDNA,UQ
CDR UN,CDR,UN
CDTX UQ,CDTX,UQ
CDW UW,CDW,UW
CDXC UR,CDXC,UR
CDXS UW,CDXS,UW
CDZI UQ,CDZI,UQ
CE UN,CE,UN
CECE UW,CECE,UW
CEIX UN,CEIX,UN
CELH UR,CELH,UR
CEMB UF,CEMB,UF
CEMI UR,CEMI,UR
CENT UW,CENT,UW
CENTA UW,CENTA,UW
CENX UW,CENX,UW
CEQP UN,CEQP,UN
CERC UR,CERC,UR
CERN UW,CERN,UW
CERS UQ,CERS,UQ
CEVA UW,CEVA,UW
CEW UP,CEW,UP
CFA UQ,CFA,UQ
CFFN UW,CFFN,UW
CFG UN,CFG,UN
CFMS UR,CFMS,UR
CFX UN,CFX,UN
CG UW,CG,UW
CGA UN,CGA,UN
CGBD UW,CGBD,UW
CGEN UQ,CGEN,UQ
CGNT UW,CGNT,UW
CGNX UW,CGNX,UW
CHAD UP,CHAD,UP
CHAU UP,CHAU,UP
CHCO UW,CHCO,UW
CHD UN,CHD,UN
CHDN UW,CHDN,UW
CHE UN,CHE,UN
CHEF UW,CHEF,UW
CHGG UN,CHGG,UN
CHH UN,CHH,UN
CHIC UP,CHIC,UP
CHIQ UP,CHIQ,UP
CHIX UP,CHIX,UP
CHK UW,CHK,UW
CHKR UV,CHKR,UV
CHMA UW,CHMA,UW
CHMT UV,CHMT,UV
CHNG UW,CHNG,UW
CHRS UQ,CHRS,UQ
CHS UN,CHS,UN
CHUY UW,CHUY,UW
CHWY UN,CHWY,UN
CIA UN,CIA,UN
CIBR UQ,CIBR,UQ
CIEN UN,CIEN,UN
CIM UN,CIM,UN
CINF UW,CINF,UW
CIO UN,CIO,UN
CIR UN,CIR,UN
CIVB UR,CIVB,UR
CLAR UW,CLAR,UW
CLB UN,CLB,UN
CLBK UW,CLBK,UW
CLBS UR,CLBS,UR
CLDR UN,CLDR,UN
CLDT UN,CLDT,UN
CLDX UR,CLDX,UR
CLFD UQ,CLFD,UQ
CLGX UN,CLGX,UN
CLH UN,CLH,UN
CLI UN,CLI,UN
CLIR UR,CLIR,UR
CLLS UQ,CLLS,UQ
CLMT UW,CLMT,UW
CLNE UW,CLNE,UW
CLNY UN,CLNY,UN
CLOU UQ,CLOU,UQ
CLR UN,CLR,UN
CLS UN,CLS,UN
CLSD UQ,CLSD,UQ
CLSN UR,CLSN,UR
CLVS UW,CLVS,UW
CLW UN,CLW,UN
CM UN,CM,UN
CMA UN,CMA,UN
CMC UN,CMC,UN
CMCO UW,CMCO,UW
CMD UN,CMD,UN
CMI UN,CMI,UN
CMLS UQ,CMLS,UQ
CMO UN,CMO,UN
CMP UN,CMP,UN
CMPR UW,CMPR,UW
CMRE UN,CMRE,UN
CMRX UQ,CMRX,UQ
CMS UN,CMS,UN
CMTL UW,CMTL,UW
CNC UN,CNC,UN
CNCE UQ,CNCE,UQ
CNDT UW,CNDT,UW
CNET UR,CNET,UR
CNHI UN,CNHI,UN
CNK UN,CNK,UN
CNMD UN,CNMD,UN
CNNE UN,CNNE,UN
CNO UN,CNO,UN
CNOB UW,CNOB,UW
CNR UN,CNR,UN
CNS UN,CNS,UN
CNSL UW,CNSL,UW
CNST UW,CNST,UW
CNTY UR,CNTY,UR
CNX UN,CNX,UN
CNXN UW,CNXN,UW
CNXT UP,CNXT,UP
CNYA UF,CNYA,UF
CODI UN,CODI,UN
COG UN,COG,UN
COGT UW,COGT,UW
COHR UW,COHR,UW
COHU UW,COHU,UW
COLB UW,COLB,UW
COLD UN,COLD,UN
COLL UW,COLL,UW
COLM UW,COLM,UW
COMM UW,COMM,UW
CONE UW,CONE,UW
COO UN,COO,UN
COOP UR,COOP,UR
COR UN,COR,UN
CORE UW,CORE,UW
CORN UP,CORN,UP
CORR UN,CORR,UN
CORT UR,CORT,UR
COTY UN,COTY,UN
COUP UW,COUP,UW
COW UP,COW,UP
COWN UW,COWN,UW
COWTF UV,COWTF,UV
CPA UN,CPA,UN
CPB UN,CPB,UN
CPE UN,CPE,UN
CPIX UW,CPIX,UW
CPK UN,CPK,UN
CPLP UW,CPLP,UW
CPRI UN,CPRI,UN
CPRT UW,CPRT,UW
CPRX UR,CPRX,UR
CPS UN,CPS,UN
CPSI UW,CPSI,UW
CPSS UQ,CPSS,UQ
CPT UN,CPT,UN
CPTA UW,CPTA,UW
CQP UA,CQP,UA
CR UN,CR,UN
CRAI UW,CRAI,UW
CRBP UQ,CRBP,UQ
CRC UN,CRC,UN
CREG UR,CREG,UR
CRESY UW,CRESY,UW
CRIS UQ,CRIS,UQ
CRK UN,CRK,UN
CRL UN,CRL,UN
CRMD UQ,CRMD,UQ
CRMT UW,CRMT,UW
CRNC UW,CRNC,UW
CRNT UW,CRNT,UW
CROC UP,CROC,UP
CROX UW,CROX,UW
CRS UN,CRS,UN
CRUS UW,CRUS,UW
CRVL UW,CRVL,UW
CRVS UQ,CRVS,UQ
CRWS UR,CRWS,UR
CRY UN,CRY,UN
CSD UP,CSD,UP
CSGP UW,CSGP,UW
CSGS UW,CSGS,UW
CSII UW,CSII,UW
CSL UN,CSL,UN
CSLT UN,CSLT,UN
CSOD UW,CSOD,UW
CSPR UN,CSPR,UN
CSTE UW,CSTE,UW
CSTM UN,CSTM,UN
CSU UN,CSU,UN
CSV UN,CSV,UN
CSWC UW,CSWC,UW
CTAS UW,CTAS,UW
CTB UN,CTB,UN
CTBI UW,CTBI,UW
CTG UW,CTG,UW
CTHR UR,CTHR,UR
CTIC UR,CTIC,UR
CTLT UN,CTLT,UN
CTMX UW,CTMX,UW
CTRE UW,CTRE,UW
CTRN UW,CTRN,UW
CTS UN,CTS,UN
CTSO UR,CTSO,UR
CTT UN,CTT,UN
CTXS UW,CTXS,UW
CUB UN,CUB,UN
CUBE UN,CUBE,UN
CUBI UN,CUBI,UN
CUK UN,CUK,UN
CULP UN,CULP,UN
CURE UP,CURE,UP
CUTR UW,CUTR,UW
CUZ UN,CUZ,UN
CVA UN,CVA,UN
CVBF UW,CVBF,UW
CVCO UW,CVCO,UW
CVCY UR,CVCY,UR
CVE UN,CVE,UN
CVEO UN,CVEO,UN
CVET UW,CVET,UW
CVGI UW,CVGI,UW
CVGW UW,CVGW,UW
CVI UN,CVI,UN
CVLT UW,CVLT,UW
CVM UA,CVM,UA
CVNA UN,CVNA,UN
CVU UA,CVU,UA
CVY UP,CVY,UP
CW UN,CW,UN
CWB UP,CWB,UP
CWCO UW,CWCO,UW
CWEB UP,CWEB,UP
CWEN UN,CWEN,UN
CWH UN,CWH,UN
CWI UP,CWI,UP
CWK UN,CWK,UN
CWST UW,CWST,UW
CWT UN,CWT,UN
CXDC UQ,CXDC,UQ
CXP UN,CXP,UN
CXW UN,CXW,UN
CYB UP,CYB,UP
CYCC UR,CYCC,UR
CYD UN,CYD,UN
CYH UN,CYH,UN
CYRN UR,CYRN,UR
CYRX UR,CYRX,UR
CYTK UW,CYTK,UW
CYTR UV,CYTR,UV
CZNC UR,CZNC,UR
CZR UW,CZR,UW
DAKT UW,DAKT,UW
DAN UN,DAN,UN
DAR UN,DAR,UN
DARE UR,DARE,UR
DASH UN,DASH,UN
DBA UP,DBA,UP
DBB UP,DBB,UP
DBC UP,DBC,UP
DBD UN,DBD,UN
DBE UP,DBE,UP
DBEF UP,DBEF,UP
DBEU UP,DBEU,UP
DBI UN,DBI,UN
DBO UP,DBO,UP
DBP UP,DBP,UP
DBV UP,DBV,UP
DBVT UW,DBVT,UW
DBX UW,DBX,UW
DCI UN,DCI,UN
DCO UN,DCO,UN
DCOM UW,DCOM,UW
DCP UN,DCP,UN
DCPH UW,DCPH,UW
DCT UW,DCT,UW
DCTH UR,DCTH,UR
DDG UP,DDG,UP
DDM UP,DDM,UP
DDOG UW,DDOG,UW
DDS UN,DDS,UN
DEA UN,DEA,UN
DECK UN,DECK,UN
DEI UN,DEI,UN
DELL UN,DELL,UN
DEM UP,DEM,UP
DENN UR,DENN,UR
DES UP,DES,UP
DFE UP,DFE,UP
DFIN UN,DFIN,UN
DFJ UP,DFJ,UP
DFODQ UV,DFODQ,UV
DFS UN,DFS,UN
DGICA UW,DGICA,UW
DGII UW,DGII,UW
DGL UP,DGL,UP
DGLY UR,DGLY,UR
DGRO UP,DGRO,UP
DGRW UQ,DGRW,UQ
DGS UP,DGS,UP
DGT UP,DGT,UP
DGX UN,DGX,UN
DHT UN,DHT,UN
DHX UN,DHX,UN
DIG UP,DIG,UP
DIN UN,DIN,UN
DIOD UW,DIOD,UW
DISCA UW,DISCA,UW
DISCK UW,DISCK,UW
DISH UW,DISH,UW
DJP UP,DJP,UP
DK UN,DK,UN
DKL UN,DKL,UN
DKNG UW,DKNG,UW
DKS UN,DKS,UN
DLB UN,DLB,UN
DLN UP,DLN,UP
DLNG UN,DLNG,UN
DLR UN,DLR,UN
DLS UP,DLS,UP
DLTH UW,DLTH,UW
DLX UN,DLX,UN
DM UN,DM,UN
DMLP UW,DMLP,UW
DMRC UW,DMRC,UW
DNLI UW,DNLI,UW
DNMR UN,DNMR,UN
DNN UA,DNN,UA
DNOW UN,DNOW,UN
DOC UN,DOC,UN
DOMR UV,DOMR,UV
DON UP,DON,UP
DOOR UN,DOOR,UN
DORM UW,DORM,UW
DOV UN,DOV,UN
DOX UW,DOX,UW
DOYU UW,DOYU,UW
DPW UA,DPW,UA
DPZ UN,DPZ,UN
DRE UN,DRE,UN
DRH UN,DRH,UN
DRI UN,DRI,UN
DRIP UP,DRIP,UP
DRIV UQ,DRIV,UQ
DRN UP,DRN,UP
DRNA UW,DRNA,UW
DRQ UN,DRQ,UN
DRRX UR,DRRX,UR
DRV UP,DRV,UP
DS UN,DS,UN
DSI UP,DSI,UP
DSKE UR,DSKE,UR
DSL UN,DSL,UN
DSPG UW,DSPG,UW
DSS UA,DSS,UA
DSX UN,DSX,UN
DT UN,DT,UN
DTEA UQ,DTEA,UQ
DTIL UW,DTIL,UW
DTN UP,DTN,UP
DUG UP,DUG,UP
DUST UP,DUST,UP
DVA UN,DVA,UN
DVAX UR,DVAX,UR
DWAS UQ,DWAS,UQ
DWSN UW,DWSN,UW
DWX UP,DWX,UP
DX UN,DX,UN
DXC UN,DXC,UN
DXD UP,DXD,UP
DXJS UQ,DXJS,UQ
DXLG UV,DXLG,UV
DXPE UW,DXPE,UW
DXYN UQ,DXYN,UQ
DY UN,DY,UN
DYAI UR,DYAI,UR
DYN UW,DYN,UW
DZSI UR,DZSI,UR
EAF UN,EAF,UN
EARS UR,EARS,UR
EAT UN,EAT,UN
EB UN,EB,UN
EBF UN,EBF,UN
EBIX UW,EBIX,UW
EBND UP,EBND,UP
EBSB UW,EBSB,UW
ECHO UW,ECHO,UW
ECL UN,ECL,UN
ECNS UP,ECNS,UP
ECOL UW,ECOL,UW
ECOM UN,ECOM,UN
ECPG UW,ECPG,UW
ECTE UV,ECTE,UV
ED UN,ED,UN
EDIT UW,EDIT,UW
EDIV UP,EDIV,UP
EDOC UQ,EDOC,UQ
EDZ UP,EDZ,UP
EEFT UW,EEFT,UW
EELV UP,EELV,UP
EEMV UF,EEMV,UF
EET UP,EET,UP
EEV UP,EEV,UP
EEX UN,EEX,UN
EFAV UF,EFAV,UF
EFC UN,EFC,UN
EFG UF,EFG,UF
EFOI UR,EFOI,UR
EFSC UW,EFSC,UW
EFU UP,EFU,UP
EFV UF,EFV,UF
EFX UN,EFX,UN
EFZ UP,EFZ,UP
EGAN UR,EGAN,UR
EGBN UR,EGBN,UR
EGHT UN,EGHT,UN
EGLE UW,EGLE,UW
EGO UN,EGO,UN
EGP UN,EGP,UN
EGRX UQ,EGRX,UQ
EGY UN,EGY,UN
EHC UN,EHC,UN
EHTH UW,EHTH,UW
EIG UN,EIG,UN
EIGR UQ,EIGR,UQ
EINC UP,EINC,UP
EIX UN,EIX,UN
EKSO UR,EKSO,UR
ELAN UN,ELAN,UN
ELD UP,ELD,UP
ELF UN,ELF,UN
ELOX UQ,ELOX,UQ
ELS UN,ELS,UN
ELY UN,ELY,UN
EMAN UA,EMAN,UA
EME UN,EME,UN
EMKR UQ,EMKR,UQ
EMLP UP,EMLP,UP
EMN UN,EMN,UN
ENBL UN,ENBL,UN
ENIC UN,ENIC,UN
ENLC UN,ENLC,UN
ENR UN,ENR,UN
ENS UN,ENS,UN
ENSG UW,ENSG,UW
ENTA UW,ENTA,UW
ENTG UW,ENTG,UW
ENV UN,ENV,UN
ENVA UN,ENVA,UN
ENVI UR,ENVI,UR
ENZ UN,ENZ,UN
ENZL UQ,ENZL,UQ
ENZN UV,ENZN,UV
EOLS UQ,EOLS,UQ
EPAC UN,EPAC,UN
EPAM UN,EPAM,UN
EPAY UW,EPAY,UW
EPC UN,EPC,UN
EPD UN,EPD,UN
EPM UA,EPM,UA
EPOL UP,EPOL,UP
EPR UN,EPR,UN
EPV UP,EPV,UP
EPZM UW,EPZM,UW
EQC UN,EQC,UN
EQH UN,EQH,UN
EQNR UN,EQNR,UN
EQT UN,EQT,UN
ERIE UW,ERIE,UW
ERII UW,ERII,UW
ERINQ UV,ERINQ,UV
ERLFF UV,ERLFF,UV
ERUS UP,ERUS,UP
ERX UP,ERX,UP
ERY UP,ERY,UP
ES UN,ES,UN
ESCA UQ,ESCA,UQ
ESCR UF,ESCR,UF
ESEA UR,ESEA,UR
ESGU UQ,ESGU,UQ
ESI UN,ESI,UN
ESINQ UV,ESINQ,UV
ESNT UN,ESNT,UN
ESPO UQ,ESPO,UQ
ESPR UQ,ESPR,UQ
ESRT UN,ESRT,UN
ESS UN,ESS,UN
ESTC UN,ESTC,UN
ET UN,ET,UN
ETH UN,ETH,UN
ETRN UN,ETRN,UN
ETSY UW,ETSY,UW
EUM UP,EUM,UP
EUO UP,EUO,UP
EURL UP,EURL,UP
EUSC UP,EUSC,UP
EVA UN,EVA,UN
EVBG UQ,EVBG,UQ
EVC UN,EVC,UN
EVER UQ,EVER,UQ
EVFM UR,EVFM,UR
EVH UN,EVH,UN
EVOL UR,EVOL,UR
EVOP UQ,EVOP,UQ
EVR UN,EVR,UN
EVRG UN,EVRG,UN
EVRI UN,EVRI,UN
EVTC UN,EVTC,UN
EWBC UW,EWBC,UW
EWD UP,EWD,UP
EWK UP,EWK,UP
EWN UP,EWN,UP
EWO UP,EWO,UP
EWV UP,EWV,UP
EWX UP,EWX,UP
EXAS UR,EXAS,UR
EXEL UW,EXEL,UW
EXK UN,EXK,UN
EXLS UW,EXLS,UW
EXP UN,EXP,UN
EXPD UW,EXPD,UW
EXPO UW,EXPO,UW
EXPR UN,EXPR,UN
EXR UN,EXR,UN
EXTN UN,EXTN,UN
EXTR UW,EXTR,UW
EYE UW,EYE,UW
EYES UR,EYES,UR
EYPT UQ,EYPT,UQ
EZPW UW,EZPW,UW
FAF UN,FAF,UN
FALC UV,FALC,UV
FANG UW,FANG,UW
FANH UW,FANH,UW
FARO UW,FARO,UW
FAS UP,FAS,UP
FAST UW,FAST,UW
FATE UQ,FATE,UQ
FAZ UP,FAZ,UP
FBC UN,FBC,UN
FBHS UN,FBHS,UN
FBIO UR,FBIO,UR
FBIZ UW,FBIZ,UW
FBNC UW,FBNC,UW
FBP UN,FBP,UN
FBT UP,FBT,UP
FC UN,FC,UN
FCBC UW,FCBC,UW
FCEL UQ,FCEL,UQ
FCF UN,FCF,UN
FCFS UW,FCFS,UW
FCG UP,FCG,UP
FCN UN,FCN,UN
FCNCA UW,FCNCA,UW
FCPT UN,FCPT,UN
FDD UP,FDD,UP
FDIS UP,FDIS,UP
FDL UP,FDL,UP
FDN UP,FDN,UP
FDP UN,FDP,UN
FDS UN,FDS,UN
FDUS UW,FDUS,UW
FE UN,FE,UN
FELE UW,FELE,UW
FEM UQ,FEM,UQ
FENY UP,FENY,UP
FEP UQ,FEP,UQ
FET UN,FET,UN
FEX UQ,FEX,UQ
FEYE UW,FEYE,UW
FF UN,FF,UN
FFBC UW,FFBC,UW
FFG UN,FFG,UN
FFIC UW,FFIC,UW
FFIN UW,FFIN,UW
FFIV UW,FFIV,UW
FFNW UW,FFNW,UW
FGEN UW,FGEN,UW
FHB UW,FHB,UW
FHLC UP,FHLC,UP
FHN UN,FHN,UN
FI UN,FI,UN
FIBK UW,FIBK,UW
FICO UN,FICO,UN
FIDU UP,FIDU,UP
FINV UN,FINV,UN
FISI UW,FISI,UW
FISV UW,FISV,UW
FITB UW,FITB,UW
FIVE UW,FIVE,UW
FIVN UQ,FIVN,UQ
FIW UP,FIW,UP
FIX UN,FIX,UN
FIXX UW,FIXX,UW
FIZZ UW,FIZZ,UW
FL UN,FL,UN
FLDM UW,FLDM,UW
FLEX UW,FLEX,UW
FLGT UQ,FLGT,UQ
FLIC UR,FLIC,UR
FLIR UW,FLIR,UW
FLNT UQ,FLNT,UQ
FLO UN,FLO,UN
FLOW UN,FLOW,UN
FLS UN,FLS,UN
FLT UN,FLT,UN
FLWS UW,FLWS,UW
FLXN UQ,FLXN,UQ
FM UP,FM,UP
FMAT UP,FMAT,UP
FMBI UW,FMBI,UW
FMC UN,FMC,UN
FMNB UR,FMNB,UR
FN UN,FN,UN
FNB UN,FNB,UN
FNCL UP,FNCL,UP
FND UN,FND,UN
FNDA UP,FNDA,UP
FNDE UP,FNDE,UP
FNDF UP,FNDF,UP
FNDX UP,FNDX,UP
FNF UN,FNF,UN
FNHC UQ,FNHC,UQ
FNKO UW,FNKO,UW
FNLC UW,FNLC,UW
FNV UN,FNV,UN
FOE UN,FOE,UN
FOLD UQ,FOLD,UQ
FOR UN,FOR,UN
FORM UW,FORM,UW
FORR UW,FORR,UW
FOUR UN,FOUR,UN
FOX UW,FOX,UW
FOXF UW,FOXF,UW
FPE UP,FPE,UP
FPI UN,FPI,UN
FRAK UP,FRAK,UP
FRBK UQ,FRBK,UQ
FRC UN,FRC,UN
FRFHF UV,FRFHF,UV
FRGI UW,FRGI,UW
FRI UP,FRI,UP
FRME UW,FRME,UW
FRO UN,FRO,UN
FRPT UQ,FRPT,UQ
FRT UN,FRT,UN
FRTA UW,FRTA,UW
FSK UN,FSK,UN
FSM UN,FSM,UN
FSP UA,FSP,UA
FSR UN,FSR,UN
FSS UN,FSS,UN
FSTR UW,FSTR,UW
FTAG UQ,FTAG,UQ
FTAI UN,FTAI,UN
FTC UQ,FTC,UQ
FTDR UW,FTDR,UW
FTEC UP,FTEC,UP
FTEK UR,FTEK,UR
FTGC UQ,FTGC,UQ
FTK UN,FTK,UN
FTNT UW,FTNT,UW
FTRCQ UV,FTRCQ,UV
FTRI UQ,FTRI,UQ
FTS UN,FTS,UN
FTSI UA,FTSI,UA
FTV UN,FTV,UN
FUL UN,FUL,UN
FULT UW,FULT,UW
FUN UN,FUN,UN
FV UQ,FV,UQ
FVD UP,FVD,UP
FVE UR,FVE,UR
FWONA UW,FWONA,UW
FWONK UW,FWONK,UW
FWRD UW,FWRD,UW
FXA UP,FXA,UP
FXB UP,FXB,UP
FXC UP,FXC,UP
FXD UP,FXD,UP
FXE UP,FXE,UP
FXF UP,FXF,UP
FXG UP,FXG,UP
FXH UP,FXH,UP
FXL UP,FXL,UP
FXN UP,FXN,UP
FXO UP,FXO,UP
FXP UP,FXP,UP
FXR UP,FXR,UP
FXU UP,FXU,UP
FXY UP,FXY,UP
FXZ UP,FXZ,UP
GABC UW,GABC,UW
GAIA UQ,GAIA,UQ
GAIN UW,GAIN,UW
GALT UR,GALT,UR
GASS UW,GASS,UW
GATX UN,GATX,UN
GAZ UP,GAZ,UP
GB UN,GB,UN
GBCI UW,GBCI,UW
GBDC UW,GBDC,UW
GBLI UW,GBLI,UW
GBT UW,GBT,UW
GBX UN,GBX,UN
GCI UN,GCI,UN
GCO UN,GCO,UN
GCP UN,GCP,UN
GD UN,GD,UN
GDDY UN,GDDY,UN
GDEN UQ,GDEN,UQ
GDOT UN,GDOT,UN
GDP UA,GDP,UA
GDRX UW,GDRX,UW
GECC UQ,GECC,UQ
GEF UN,GEF,UN
GEL UN,GEL,UN
GEM UP,GEM,UP
GEO UN,GEO,UN
GEOS UW,GEOS,UW
GERN UW,GERN,UW
GES UN,GES,UN
GEVO UR,GEVO,UR
GFF UN,GFF,UN
GFN UQ,GFN,UQ
GGG UN,GGG,UN
GH UW,GH,UW
GHC UN,GHC,UN
GHL UN,GHL,UN
GHM UN,GHM,UN
GIB UN,GIB,UN
GIFI UW,GIFI,UW
GIGM UR,GIGM,UR
GIII UW,GIII,UW
GIL UN,GIL,UN
GILT UW,GILT,UW
GKOS UN,GKOS,UN
GL UN,GL,UN
GLAD UW,GLAD,UW
GLAE UV,GLAE,UV
GLDD UW,GLDD,UW
GLDI UQ,GLDI,UQ
GLL UP,GLL,UP
GLOG UN,GLOG,UN
GLOP UN,GLOP,UN
GLP UN,GLP,UN
GLPI UW,GLPI,UW
GLRE UW,GLRE,UW
GLT UN,GLT,UN
GLUU UW,GLUU,UW
GLYC UQ,GLYC,UQ
GMAB UW,GMAB,UW
GMED UN,GMED,UN
GMF UP,GMF,UP
GMS UN,GMS,UN
GNCA UR,GNCA,UR
GNE UN,GNE,UN
GNK UN,GNK,UN
GNL UN,GNL,UN
GNLN UQ,GNLN,UQ
GNR UP,GNR,UP
GNRC UN,GNRC,UN
GNSS UR,GNSS,UR
GNTX UW,GNTX,UW
GO UW,GO,UW
GOEX UP,GOEX,UP
GOGL UW,GOGL,UW
GOGO UW,GOGO,UW
GOLF UN,GOLF,UN
GOOD UW,GOOD,UW
GORO UA,GORO,UA
GOSS UW,GOSS,UW
GOVT UF,GOVT,UF
GPC UN,GPC,UN
GPI UN,GPI,UN
GPK UN,GPK,UN
GPL UA,GPL,UA
GPMT UN,GPMT,UN
GPRE UW,GPRE,UW
GPX UN,GPX,UN
GRA UN,GRA,UN
GRBK UR,GRBK,UR
GRC UN,GRC,UN
GREK UP,GREK,UP
GRMN UW,GRMN,UW
GROW UR,GROW,UR
GRPN UW,GRPN,UW
GRU UP,GRU,UP
GRUB UN,GRUB,UN
GSAT UA,GSAT,UA
GSBC UW,GSBC,UW
GSEW UF,GSEW,UF
GSG UP,GSG,UP
GSIE UP,GSIE,UP
GSIH UV,GSIH,UV
GSIT UW,GSIT,UW
GSKY UW,GSKY,UW
GSL UN,GSL,UN
GSLC UP,GSLC,UP
GSM UR,GSM,UR
GSS UA,GSS,UA
GTE UA,GTE,UA
GTES UN,GTES,UN
GTIM UR,GTIM,UR
GTLS UN,GTLS,UN
GTN UN,GTN,UN
GTS UN,GTS,UN
GTT UN,GTT,UN
GTY UN,GTY,UN
GURE UW,GURE,UW
GURU UP,GURU,UP
GUSH UP,GUSH,UP
GVA UN,GVA,UN
GVI UF,GVI,UF
GWB UN,GWB,UN
GWW UN,GWW,UN
GWX UP,GWX,UP
GXC UP,GXC,UP
GXG UP,GXG,UP
GYLD UP,GYLD,UP
HA UW,HA,UW
HACK UP,HACK,UP
HAE UN,HAE,UN
HAFC UW,HAFC,UW
HAIN UW,HAIN,UW
HALL UQ,HALL,UQ
HALO UW,HALO,UW
HAS UW,HAS,UW
HASI UN,HASI,UN
HAYN UW,HAYN,UW
HBAN UW,HBAN,UW
HBI UN,HBI,UN
HBIO UQ,HBIO,UQ
HBM UN,HBM,UN
HBNC UW,HBNC,UW
HBP UR,HBP,UR
HCAT UW,HCAT,UW
HCC UN,HCC,UN
HCCI UW,HCCI,UW
HCHC UN,HCHC,UN
HCI UN,HCI,UN
HCKT UW,HCKT,UW
HCSG UW,HCSG,UW
HDGE UP,HDGE,UP
HDSN UR,HDSN,UR
HDV UP,HDV,UP
HE UN,HE,UN
HEAR UQ,HEAR,UQ
HEES UW,HEES,UW
HEFA UF,HEFA,UF
HELE UW,HELE,UW
HEP UN,HEP,UN
HESM UN,HESM,UN
HEWG UQ,HEWG,UQ
HEXO UN,HEXO,UN
HEZU UP,HEZU,UP
HFC UN,HFC,UN
HFWA UW,HFWA,UW
HGTXU UV,HGTXU,UV
HGV UN,HGV,UN
HHC UN,HHC,UN
HI UN,HI,UN
HIBB UW,HIBB,UW
HIG UN,HIG,UN
HII UN,HII,UN
HIL UN,HIL,UN
HIW UN,HIW,UN
HKTVY UV,HKTVY,UV
HL UN,HL,UN
HLI UN,HLI,UN
HLIO UW,HLIO,UW
HLIT UW,HLIT,UW
HLNE UW,HLNE,UW
HLX UN,HLX,UN
HMHC UW,HMHC,UW
HMLP UN,HMLP,UN
HMN UN,HMN,UN
HMNY UV,HMNY,UV
HMST UW,HMST,UW
HMTV UQ,HMTV,UQ
HNGR UN,HNGR,UN
HNI UN,HNI,UN
HNRG UR,HNRG,UR
HOFT UW,HOFT,UW
HOG UN,HOG,UN
HOLX UW,HOLX,UW
HOMB UW,HOMB,UW
HOPE UW,HOPE,UW
HOV UN,HOV,UN
HP UN,HP,UN
HPE UN,HPE,UN
HPP UN,HPP,UN
HQY UW,HQY,UW
HR UN,HR,UN
HRB UN,HRB,UN
HRC UN,HRC,UN
HRL UN,HRL,UN
HROW UQ,HROW,UQ
HRTG UN,HRTG,UN
HRTX UR,HRTX,UR
HRZN UW,HRZN,UW
HSC UN,HSC,UN
HSIC UW,HSIC,UW
HSII UW,HSII,UW
HST UW,HST,UW
HSTM UW,HSTM,UW
HSY UN,HSY,UN
HT UN,HT,UN
HTA UN,HTA,UN
HTBI UW,HTBI,UW
HTBK UW,HTBK,UW
HTGC UN,HTGC,UN
HTGM UR,HTGM,UR
HTH UN,HTH,UN
HTLD UW,HTLD,UW
HTLF UW,HTLF,UW
HUBB UN,HUBB,UN
HUBG UW,HUBG,UW
HUBS UN,HUBS,UN
HUM UN,HUM,UN
HUN UN,HUN,UN
HURN UW,HURN,UW
HUSA UA,HUSA,UA
HVT UN,HVT,UN
HWC UW,HWC,UW
HWCC UW,HWCC,UW
HWKN UW,HWKN,UW
HXL UN,HXL,UN
HY UN,HY,UN
HYD UF,HYD,UF
HYGH UP,HYGH,UP
HYLB UP,HYLB,UP
HYLN UN,HYLN,UN
HYMB UP,HYMB,UP
HYRE UR,HYRE,UR
HYS UP,HYS,UP
HYXU UF,HYXU,UF
HZN UN,HZN,UN
HZNP UW,HZNP,UW
HZO UN,HZO,UN
IAA UN,IAA,UN
IAC UW,IAC,UW
IAI UP,IAI,UP
IART UW,IART,UW
IAT UP,IAT,UP
IAU UP,IAU,UP
IBCP UW,IBCP,UW
IBKR UW,IBKR,UW
IBOC UW,IBOC,UW
IBP UN,IBP,UN
IBTX UW,IBTX,UW
ICD UN,ICD,UN
ICF UF,ICF,UF
ICFI UW,ICFI,UW
ICHR UW,ICHR,UW
ICLD UV,ICLD,UV
ICLN UQ,ICLN,UQ
ICLR UW,ICLR,UW
ICMB UW,ICMB,UW
ICON UW,ICON,UW
ICPT UW,ICPT,UW
ICUI UW,ICUI,UW
IDA UN,IDA,UN
IDCC UW,IDCC,UW
IDEX UR,IDEX,UR
IDN UQ,IDN,UQ
IDRA UR,IDRA,UR
IDT UN,IDT,UN
IDU UP,IDU,UP
IDV UF,IDV,UF
IDXX UW,IDXX,UW
IEFA UF,IEFA,UF
IEO UF,IEO,UF
IEP UW,IEP,UW
IEV UP,IEV,UP
IEX UN,IEX,UN
IEZ UP,IEZ,UP
IFF UN,IFF,UN
IFGL UQ,IFGL,UQ
IFN UN,IFN,UN
IGC UA,IGC,UA
IGE UF,IGE,UF
IGF UQ,IGF,UQ
IGM UP,IGM,UP
IGMS UW,IGMS,UW
IGN UP,IGN,UP
IGOV UQ,IGOV,UQ
IGT UN,IGT,UN
IGV UF,IGV,UF
IHAK UP,IHAK,UP
IHDG UP,IHDG,UP
IHE UP,IHE,UP
IHF UP,IHF,UP
IHG UN,IHG,UN
IHY UP,IHY,UP
IIIN UN,IIIN,UN
IIIV UW,IIIV,UW
IIN UQ,IIN,UQ
IIPR UN,IIPR,UN
IIVI UW,IIVI,UW
IJJ UP,IJJ,UP
IJK UP,IJK,UP
IJS UP,IJS,UP
IJT UQ,IJT,UQ
ILPT UW,ILPT,UW
IMAX UN,IMAX,UN
IMBI UR,IMBI,UR
IMGN UW,IMGN,UW
IMH UA,IMH,UA
IMKTA UW,IMKTA,UW
IMLP UF,IMLP,UF
IMMR UW,IMMR,UW
IMO UA,IMO,UA
IMOS UW,IMOS,UW
IMUC UV,IMUC,UV
IMUX UW,IMUX,UW
INDB UW,INDB,UW
INDL UP,INDL,UP
INDY UQ,INDY,UQ
INFI UW,INFI,UW
INFN UW,INFN,UW
INGN UW,INGN,UW
INGR UN,INGR,UN
INN UN,INN,UN
INOD UQ,INOD,UQ
INOV UW,INOV,UW
INSG UW,INSG,UW
INSM UW,INSM,UW
INSP UN,INSP,UN
INSW UN,INSW,UN
INT UN,INT,UN
INTF UP,INTF,UP
INTU UW,INTU,UW
INVA UW,INVA,UW
INVE UR,INVE,UR
INVH UN,INVH,UN
IO UN,IO,UN
IONS UW,IONS,UW
IOSP UW,IOSP,UW
IOVA UQ,IOVA,UQ
IP UN,IP,UN
IPAR UW,IPAR,UW
IPAY UP,IPAY,UP
IPFF UF,IPFF,UF
IPG UN,IPG,UN
IPGP UW,IPGP,UW
IPI UN,IPI,UN
IPO UP,IPO,UP
IQDF UP,IQDF,UP
IR UN,IR,UN
IRBO UP,IRBO,UP
IRDM UW,IRDM,UW
IRM UN,IRM,UN
IRS UN,IRS,UN
IRT UN,IRT,UN
IRTC UW,IRTC,UW
IRWD UW,IRWD,UW
ISBC UW,ISBC,UW
ISEE UW,ISEE,UW
ISIG UR,ISIG,UR
ISLE UR,ISLE,UR
ISRA UP,ISRA,UP
ISSC UW,ISSC,UW
IT UN,IT,UN
ITA UF,ITA,UF
ITB UF,ITB,UF
ITCI UW,ITCI,UW
ITGR UN,ITGR,UN
ITI UR,ITI,UR
ITM UF,ITM,UF
ITOT UP,ITOT,UP
ITRI UW,ITRI,UW
ITT UN,ITT,UN
IUSG UQ,IUSG,UQ
IUSV UQ,IUSV,UQ
IVAC UW,IVAC,UW
IVC UN,IVC,UN
IVR UN,IVR,UN
IVW UP,IVW,UP
IWC UP,IWC,UP
IWP UP,IWP,UP
IWR UP,IWR,UP
IWS UP,IWS,UP
IXC UP,IXC,UP
IXJ UP,IXJ,UP
IXN UP,IXN,UP
IXP UP,IXP,UP
IXUS UQ,IXUS,UQ
IYE UP,IYE,UP
IYF UP,IYF,UP
IYG UP,IYG,UP
IYH UP,IYH,UP
IYJ UF,IYJ,UF
IYM UP,IYM,UP
IYR UP,IYR,UP
IYT UF,IYT,UF
IYW UP,IYW,UP
IYZ UF,IYZ,UF
J UN,J,UN
JACK UW,JACK,UW
JAKK UW,JAKK,UW
JAX UN,JAX,UN
JAZZ UW,JAZZ,UW
JBGS UN,JBGS,UN
JBHT UW,JBHT,UW
JBL UN,JBL,UN
JBLU UW,JBLU,UW
JBSS UW,JBSS,UW
JBT UN,JBT,UN
JCOM UW,JCOM,UW
JDST UP,JDST,UP
JEF UN,JEF,UN
JELD UN,JELD,UN
JETS UP,JETS,UP
JILL UN,JILL,UN
JJC UP,JJC,UP
JJCTF UV,JJCTF,UV
JJG UP,JJG,UP
JJGTF UV,JJGTF,UV
JJOFF UV,JJOFF,UV
JJSF UW,JJSF,UW
JKHY UW,JKHY,UW
JLL UN,JLL,UN
JNCE UW,JNCE,UW
JNUG UP,JNUG,UP
JO UP,JO,UP
JOE UN,JOE,UN
JP UN,JP,UN
JPEM UP,JPEM,UP
JPIN UP,JPIN,UP
JPUS UP,JPUS,UP
JRJC UW,JRJC,UW
JRVR UW,JRVR,UW
JUST UP,JUST,UP
JW/A UN,JW/A,UN
JXI UP,JXI,UP
JYNT UR,JYNT,UR
KAI UN,KAI,UN
KALA UW,KALA,UW
KALU UW,KALU,UW
KAMN UN,KAMN,UN
KAR UN,KAR,UN
KBA UP,KBA,UP
KBAL UW,KBAL,UW
KBH UN,KBH,UN
KBR UN,KBR,UN
KBWB UQ,KBWB,UQ
KCE UP,KCE,UP
KDMN UW,KDMN,UW
KDP UW,KDP,UW
KE UW,KE,UW
KEGX UV,KEGX,UV
KELYA UW,KELYA,UW
KEX UN,KEX,UN
KEY UN,KEY,UN
KEYS UN,KEYS,UN
KFRC UW,KFRC,UW
KFY UN,KFY,UN
KIDS UQ,KIDS,UQ
KIE UP,KIE,UP
KIM UN,KIM,UN
KIRK UW,KIRK,UW
KKR UN,KKR,UN
KLIC UW,KLIC,UW
KLXE UW,KLXE,UW
KMPH UR,KMPH,UR
KMPR UN,KMPR,UN
KMT UN,KMT,UN
KMX UN,KMX,UN
KNDI UW,KNDI,UW
KNL UN,KNL,UN
KNOP UN,KNOP,UN
KNSL UW,KNSL,UW
KNX UN,KNX,UN
KOD UQ,KOD,UQ
KODK UN,KODK,UN
KOLD UP,KOLD,UP
KONAQ UV,KONAQ,UV
KOP UN,KOP,UN
KOPN UR,KOPN,UR
KOS UN,KOS,UN
KPTI UW,KPTI,UW
KRA UN,KRA,UN
KRC UN,KRC,UN
KRG UN,KRG,UN
KRNT UW,KRNT,UW
KRNY UW,KRNY,UW
KRO UN,KRO,UN
KRP UN,KRP,UN
KSA UP,KSA,UP
KTCC UQ,KTCC,UQ
KTOS UW,KTOS,UW
KURA UW,KURA,UW
KVHI UW,KVHI,UW
KW UN,KW,UN
KWR UN,KWR,UN
KXI UP,KXI,UP
KYN UN,KYN,UN
L UN,L,UN
LABD UP,LABD,UP
LABU UP,LABU,UP
LAD UN,LAD,UN
LADR UN,LADR,UN
LAKE UQ,LAKE,UQ
LAMR UW,LAMR,UW
LANC UW,LANC,UW
LAUR UW,LAUR,UW
LAZ UN,LAZ,UN
LAZR UW,LAZR,UW
LBAI UW,LBAI,UW
LBJ UP,LBJ,UP
LBRDA UW,LBRDA,UW
LBRDK UW,LBRDK,UW
LBTYA UW,LBTYA,UW
LBTYK UW,LBTYK,UW
LC UN,LC,UN
LCI UN,LCI,UN
LCII UN,LCII,UN
LCNB UR,LCNB,UR
LCTX UA,LCTX,UA
LCUT UW,LCUT,UW
LDL UN,LDL,UN
LDOS UN,LDOS,UN
LE UR,LE,UR
LEA UN,LEA,UN
LEAF UN,LEAF,UN
LECO UW,LECO,UW
LEE UW,LEE,UW
LEJU UN,LEJU,UN
LEMB UP,LEMB,UP
LEVI UN,LEVI,UN
LFIN UV,LFIN,UV
LFUS UW,LFUS,UW
LFVN UR,LFVN,UR
LGF/A UN,LGF/A,UN
LGIH UW,LGIH,UW
LGND UQ,LGND,UQ
LHCG UW,LHCG,UW
LHX UN,LHX,UN
LIFE UR,LIFE,UR
LII UN,LII,UN
LILA UW,LILA,UW
LILAK UW,LILAK,UW
LINC UW,LINC,UW
LINUF UV,LINUF,UV
LIQT UR,LIQT,UR
LIT UP,LIT,UP
LITE UW,LITE,UW
LIVE UR,LIVE,UR
LIVN UW,LIVN,UW
LJPC UR,LJPC,UR
LKFN UW,LKFN,UW
LKQ UW,LKQ,UW
LL UN,LL,UN
LLNW UW,LLNW,UW
LMAT UQ,LMAT,UQ
LMNR UW,LMNR,UW
LMNX UW,LMNX,UW
LMRK UQ,LMRK,UQ
LNC UN,LNC,UN
LNDC UW,LNDC,UW
LNG UA,LNG,UA
LNN UN,LNN,UN
LNT UW,LNT,UW
LNTH UQ,LNTH,UQ
LOB UW,LOB,UW
LOCO UW,LOCO,UW
LODE UA,LODE,UA
LOMA UN,LOMA,UN
LONE UV,LONE,UV
LOOP UQ,LOOP,UQ
LOPE UW,LOPE,UW
LORL UW,LORL,UW
LOV UA,LOV,UA
LOVE UQ,LOVE,UQ
LPCN UR,LPCN,UR
LPG UN,LPG,UN
LPI UN,LPI,UN
LPLA UW,LPLA,UW
LPSN UW,LPSN,UW
LPX UN,LPX,UN
LQDH UP,LQDH,UP
LQDT UW,LQDT,UW
LRN UN,LRN,UN
LSCC UW,LSCC,UW
LSI UN,LSI,UN
LSTR UW,LSTR,UW
LSXMA UW,LSXMA,UW
LSXMK UW,LSXMK,UW
LTBR UR,LTBR,UR
LTC UN,LTC,UN
LTHM UN,LTHM,UN
LTPZ UP,LTPZ,UP
LTRPA UW,LTRPA,UW
LUB UN,LUB,UN
LUMN UN,LUMN,UN
LW UN,LW,UN
LXFR UN,LXFR,UN
LXP UN,LXP,UN
LXRX UW,LXRX,UW
LXU UN,LXU,UN
LYTS UW,LYTS,UW
LYV UN,LYV,UN
LZB UN,LZB,UN
MAA UN,MAA,UN
MAC UN,MAC,UN
MACK UQ,MACK,UQ
MAG UA,MAG,UA
MAGA UF,MAGA,UF
MAGS UQ,MAGS,UQ
MAIN UN,MAIN,UN
MANH UW,MANH,UW
MANT UW,MANT,UW
MANU UN,MANU,UN
MARA UR,MARA,UR
MARK UR,MARK,UR
MAS UN,MAS,UN
MASI UW,MASI,UW
MATW UW,MATW,UW
MATX UN,MATX,UN
MAXR UN,MAXR,UN
MBB UQ,MBB,UQ
MBI UN,MBI,UN
MBII UR,MBII,UR
MBIN UR,MBIN,UR
MBIO UQ,MBIO,UQ
MBUU UQ,MBUU,UQ
MBWM UW,MBWM,UW
MCBC UW,MCBC,UW
MCF UA,MCF,UA
MCFE UW,MCFE,UW
MCFT UQ,MCFT,UQ
MCHP UW,MCHP,UW
MCHX UW,MCHX,UW
MCRB UW,MCRB,UW
MCRI UW,MCRI,UW
MCS UN,MCS,UN
MCY UN,MCY,UN
MD UN,MD,UN
MDB UQ,MDB,UQ
MDC UN,MDC,UN
MDCA UW,MDCA,UW
MDGL UW,MDGL,UW
MDIV UQ,MDIV,UQ
MDLA UN,MDLA,UN
MDP UN,MDP,UN
MDRX UW,MDRX,UW
MDU UN,MDU,UN
MDWD UQ,MDWD,UQ
MDXG UR,MDXG,UR
MED UN,MED,UN
MEDP UW,MEDP,UW
MEG UN,MEG,UN
MEI UN,MEI,UN
MEIP UR,MEIP,UR
MEOH UW,MEOH,UW
MERC UW,MERC,UW
MESA UW,MESA,UW
MEXX UP,MEXX,UP
MFA UN,MFA,UN
MFC UN,MFC,UN
MFIN UW,MFIN,UW
MG UN,MG,UN
MGA UN,MGA,UN
MGC UP,MGC,UP
MGEE UW,MGEE,UW
MGI UW,MGI,UW
MGIC UW,MGIC,UW
MGK UP,MGK,UP
MGLN UW,MGLN,UW
MGNX UW,MGNX,UW
MGP UN,MGP,UN
MGPI UW,MGPI,UW
MGRC UW,MGRC,UW
MGTA UQ,MGTA,UQ
MGTX UW,MGTX,UW
MGV UP,MGV,UP
MHK UN,MHK,UN
MHLD UR,MHLD,UR
MHO UN,MHO,UN
MIC UN,MIC,UN
MIDD UW,MIDD,UW
MIDU UP,MIDU,UP
MIME UW,MIME,UW
MIND UW,MIND,UW
MITK UR,MITK,UR
MITT UN,MITT,UN
MKC UN,MKC,UN
MKL UN,MKL,UN
MKSI UW,MKSI,UW
MKTX UW,MKTX,UW
MLHR UW,MLHR,UW
MLI UN,MLI,UN
MLM UN,MLM,UN
MLND UR,MLND,UR
MLPA UP,MLPA,UP
MLPX UP,MLPX,UP
MLR UN,MLR,UN
MMC UN,MMC,UN
MMI UN,MMI,UN
MMLP UW,MMLP,UW
MMP UN,MMP,UN
MMS UN,MMS,UN
MMSI UW,MMSI,UW
MMYT UW,MMYT,UW
MN UN,MN,UN
MNKD UQ,MNKD,UQ
MNOV UQ,MNOV,UQ
MNR UN,MNR,UN
MNRO UW,MNRO,UW
MNST UW,MNST,UW
MNTX UR,MNTX,UR
MOAT UF,MOAT,UF
MOD UN,MOD,UN
MODN UN,MODN,UN
MOH UN,MOH,UN
MON UR,MON,UR
MOO UP,MOO,UP
MORN UW,MORN,UW
MOSY UR,MOSY,UR
MOV UN,MOV,UN
MPAA UW,MPAA,UW
MPC UN,MPC,UN
MPLX UN,MPLX,UN
MPW UN,MPW,UN
MPWR UW,MPWR,UW
MPX UN,MPX,UN
MRC UN,MRC,UN
MRCC UW,MRCC,UW
MRCY UW,MRCY,UW
MREO UQ,MREO,UQ
MRGE UV,MRGE,UV
MRIN UQ,MRIN,UQ
MRKR UQ,MRKR,UQ
MRLN UW,MRLN,UW
MRNS UQ,MRNS,UQ
MRTN UW,MRTN,UW
MRTX UW,MRTX,UW
MSA UN,MSA,UN
MSB UN,MSB,UN
MSCI UN,MSCI,UN
MSEX UW,MSEX,UW
MSGN UN,MSGN,UN
MSI UN,MSI,UN
MSM UN,MSM,UN
MSON UQ,MSON,UQ
MSTR UW,MSTR,UW
MTB UN,MTB,UN
MTCH UW,MTCH,UW
MTD UN,MTD,UN
MTDR UN,MTDR,UN
MTEM UW,MTEM,UW
MTG UN,MTG,UN
MTH UN,MTH,UN
MTN UN,MTN,UN
MTOR UN,MTOR,UN
MTRN UN,MTRN,UN
MTRX UW,MTRX,UW
MTSI UW,MTSI,UW
MTW UN,MTW,UN
MTZ UN,MTZ,UN
MUB UP,MUB,UP
MUFG UN,MUFG,UN
MUNI UP,MUNI,UP
MUSA UN,MUSA,UN
MUX UN,MUX,UN
MVIS UQ,MVIS,UQ
MVO UN,MVO,UN
MVV UP,MVV,UP
MWA UN,MWA,UN
MX UN,MX,UN
MXI UP,MXI,UP
MXIM UW,MXIM,UW
MXL UN,MXL,UN
MYE UN,MYE,UN
MYGN UW,MYGN,UW
MYOV UN,MYOV,UN
MYRG UW,MYRG,UW
MYY UP,MYY,UP
MZZ UP,MZZ,UP
NAK UA,NAK,UA
NAT UN,NAT,UN
NATI UW,NATI,UW
NATR UR,NATR,UR
NAV UN,NAV,UN
NAVB UA,NAVB,UA
NAVI UW,NAVI,UW
NBEV UR,NBEV,UR
NBHC UN,NBHC,UN
NBIX UW,NBIX,UW
NBLX UW,NBLX,UW
NBR UN,NBR,UN
NBRV UW,NBRV,UW
NBSE UR,NBSE,UR
NBTB UW,NBTB,UW
NCMI UW,NCMI,UW
NCNO UW,NCNO,UW
NCR UN,NCR,UN
NDLS UW,NDLS,UW
NDSN UW,NDSN,UW
NEO UR,NEO,UR
NEOG UW,NEOG,UW
NEON UR,NEON,UR
NEP UN,NEP,UN
NEPT UR,NEPT,UR
NERD UP,NERD,UP
NERV UQ,NERV,UQ
NES UA,NES,UA
NET UN,NET,UN
NEU UN,NEU,UN
NEWR UN,NEWR,UN
NEWT UQ,NEWT,UQ
NEX UN,NEX,UN
NFBK UW,NFBK,UW
NFG UN,NFG,UN
NG UA,NG,UA
NGD UA,NGD,UA
NGL UN,NGL,UN
NGM UW,NGM,UW
NGS UN,NGS,UN
NGVC UN,NGVC,UN
NGVT UN,NGVT,UN
NH UW,NH,UW
NHC UA,NHC,UA
NHI UN,NHI,UN
NHTC UR,NHTC,UR
NI UN,NI,UN
NIB UP,NIB,UP
NINE UN,NINE,UN
NJR UN,NJR,UN
NKLA UW,NKLA,UW
NKTR UW,NKTR,UW
NL UN,NL,UN
NLOK UW,NLOK,UW
NLS UN,NLS,UN
NLSN UN,NLSN,UN
NLST UV,NLST,UV
NLTX UQ,NLTX,UQ
NLY UN,NLY,UN
NM UN,NM,UN
NMFC UW,NMFC,UW
NMIH UQ,NMIH,UQ
NMM UN,NMM,UN
NMRK UW,NMRK,UW
NNA UN,NNA,UN
NNBR UW,NNBR,UW
NNI UN,NNI,UN
NNN UN,NNN,UN
NNOX UQ,NNOX,UQ
NNVC UA,NNVC,UA
NOA UN,NOA,UN
NOBL UF,NOBL,UF
NOG UA,NOG,UA
NOMD UN,NOMD,UN
NORNQ UV,NORNQ,UV
NOVA UN,NOVA,UN
NOVT UW,NOVT,UW
NP UN,NP,UN
NPO UN,NPO,UN
NPTN UN,NPTN,UN
NR UN,NR,UN
NRG UN,NRG,UN
NRP UN,NRP,UN
NRT UN,NRT,UN
NRZ UN,NRZ,UN
NS UN,NS,UN
NSA UN,NSA,UN
NSH UN,NSH,UN
NSIT UW,NSIT,UW
NSP UN,NSP,UN
NSSC UW,NSSC,UW
NSTG UQ,NSTG,UQ
NTAP UW,NTAP,UW
NTCT UW,NTCT,UW
NTEC UR,NTEC,UR
NTGR UW,NTGR,UW
NTLA UQ,NTLA,UQ
NTNX UW,NTNX,UW
NTP UN,NTP,UN
NTRA UW,NTRA,UW
NTRS UW,NTRS,UW
NTTYY UV,NTTYY,UV
NTUS UW,NTUS,UW
NTWK UR,NTWK,UR
NUAN UW,NUAN,UW
NUGT UP,NUGT,UP
NUVA UW,NUVA,UW
NVAX UW,NVAX,UW
NVCR UW,NVCR,UW
NVEE UR,NVEE,UR
NVFY UR,NVFY,UR
NVGS UN,NVGS,UN
NVIV UR,NVIV,UR
NVMI UW,NVMI,UW
NVRO UN,NVRO,UN
NVST UN,NVST,UN
NVT UN,NVT,UN
NVTA UN,NVTA,UN
NWBI UW,NWBI,UW
NWBO UV,NWBO,UV
NWE UW,NWE,UW
NWL UW,NWL,UW
NWN UN,NWN,UN
NWPX UW,NWPX,UW
NWS UW,NWS,UW
NWSA UW,NWSA,UW
NX UN,NX,UN
NXGN UW,NXGN,UW
NXRT UN,NXRT,UN
NXST UW,NXST,UW
NXTC UW,NXTC,UW
NXTD UR,NXTD,UR
NYCB UN,NYCB,UN
NYMT UW,NYMT,UW
NYMX UR,NYMX,UR
NYT UN,NYT,UN
O UN,O,UN
OAS UW,OAS,UW
OBLN UR,OBLN,UR
OC UN,OC,UN
OCFC UW,OCFC,UW
OCN UN,OCN,UN
OCSL UW,OCSL,UW
OCUL UQ,OCUL,UQ
OCX UQ,OCX,UQ
ODFL UW,ODFL,UW
ODP UW,ODP,UW
ODT UW,ODT,UW
OEC UN,OEC,UN
OEF UP,OEF,UP
OESX UR,OESX,UR
OFC UN,OFC,UN
OFG UN,OFG,UN
OFIX UW,OFIX,UW
OGE UN,OGE,UN
OGI UW,OGI,UW
OGS UN,OGS,UN
OHI UN,OHI,UN
OI UN,OI,UN
OII UN,OII,UN
OIIM UW,OIIM,UW
OIL UP,OIL,UP
OILNF UV,OILNF,UV
OIS UN,OIS,UN
OKE UN,OKE,UN
OLED UW,OLED,UW
OLLI UQ,OLLI,UQ
OLN UN,OLN,UN
OLP UN,OLP,UN
OMCL UW,OMCL,UW
OMER UQ,OMER,UQ
OMEX UR,OMEX,UR
OMF UN,OMF,UN
OMI UN,OMI,UN
OMP UW,OMP,UW
ON UW,ON,UW
ONB UW,ONB,UW
ONCT UR,ONCT,UR
ONCY UR,ONCY,UR
ONE UN,ONE,UN
ONTO UN,ONTO,UN
ONTX UR,ONTX,UR
ONVO UR,ONVO,UR
OOMA UN,OOMA,UN
OPI UW,OPI,UW
OPK UW,OPK,UW
OPRX UR,OPRX,UR
OPTT UR,OPTT,UR
OPY UN,OPY,UN
ORBC UW,ORBC,UW
ORC UN,ORC,UN
ORI UN,ORI,UN
ORLY UW,ORLY,UW
ORMP UR,ORMP,UR
ORN UN,ORN,UN
OSBC UW,OSBC,UW
OSCR UN,OSCR,UN
OSG UN,OSG,UN
OSIS UW,OSIS,UW
OSK UN,OSK,UN
OSTK UQ,OSTK,UQ
OSUR UW,OSUR,UW
OSW UR,OSW,UR
OTIC UW,OTIC,UW
OTIS UN,OTIS,UN
OTTR UW,OTTR,UW
OUNZ UP,OUNZ,UP
OUSA UF,OUSA,UF
OUT UN,OUT,UN
OVV UN,OVV,UN
OXM UN,OXM,UN
OXSQ UW,OXSQ,UW
OZK UW,OZK,UW
PAA UW,PAA,UW
PACB UW,PACB,UW
PACW UW,PACW,UW
PAG UN,PAG,UN
PAGP UW,PAGP,UW
PAHC UQ,PAHC,UQ
PAR UN,PAR,UN
PARR UN,PARR,UN
PATK UW,PATK,UW
PAYC UN,PAYC,UN
PAYS UR,PAYS,UR
PAYX UW,PAYX,UW
PB UN,PB,UN
PBA UN,PBA,UN
PBCT UW,PBCT,UW
PBF UN,PBF,UN
PBFX UN,PBFX,UN
PBH UN,PBH,UN
PBI UN,PBI,UN
PBPB UW,PBPB,UW
PBT UN,PBT,UN
PBYI UW,PBYI,UW
PCAR UW,PCAR,UW
PCEF UP,PCEF,UP
PCH UW,PCH,UW
PCOM UR,PCOM,UR
PCRX UW,PCRX,UW
PCSB UR,PCSB,UR
PCTI UW,PCTI,UW
PCTY UW,PCTY,UW
PCY UP,PCY,UP
PCYG UR,PCYG,UR
PCYO UR,PCYO,UR
PD UN,PD,UN
PDBC UQ,PDBC,UQ
PDCE UW,PDCE,UW
PDCO UW,PDCO,UW
PDFS UW,PDFS,UW
PDM UN,PDM,UN
PDP UQ,PDP,UQ
PDS UN,PDS,UN
PDSB UR,PDSB,UR
PEAK UN,PEAK,UN
PEB UN,PEB,UN
PEBO UW,PEBO,UW
PEG UN,PEG,UN
PEGA UW,PEGA,UW
PEI UN,PEI,UN
PEN UN,PEN,UN
PENN UW,PENN,UW
PEO UN,PEO,UN
PERI UW,PERI,UW
PESI UR,PESI,UR
PETQ UW,PETQ,UW
PETS UW,PETS,UW
PEY UQ,PEY,UQ
PEZ UQ,PEZ,UQ
PFBC UW,PFBC,UW
PFF UQ,PFF,UQ
PFG UW,PFG,UW
PFGC UN,PFGC,UN
PFIE UR,PFIE,UR
PFLT UW,PFLT,UW
PFM UQ,PFM,UQ
PFMT UW,PFMT,UW
PFPT UW,PFPT,UW
PFS UN,PFS,UN
PFSI UN,PFSI,UN
PFSW UR,PFSW,UR
PGC UW,PGC,UW
PGF UP,PGF,UP
PGJ UQ,PGJ,UQ
PGNY UW,PGNY,UW
PGR UN,PGR,UN
PGRE UN,PGRE,UN
PGTI UN,PGTI,UN
PGX UP,PGX,UP
PH UN,PH,UN
PHB UP,PHB,UP
PHDG UP,PHDG,UP
PHI UN,PHI,UN
PHM UN,PHM,UN
PHO UQ,PHO,UQ
PHX UN,PHX,UN
PI UW,PI,UW
PICK UF,PICK,UF
PID UQ,PID,UQ
PIE UQ,PIE,UQ
PII UN,PII,UN
PIN UP,PIN,UP
PINC UW,PINC,UW
PING UN,PING,UN
PIRS UR,PIRS,UR
PIZ UQ,PIZ,UQ
PJP UP,PJP,UP
PJT UN,PJT,UN
PK UN,PK,UN
PKE UN,PKE,UN
PKG UN,PKG,UN
PKI UN,PKI,UN
PKOH UW,PKOH,UW
PKW UQ,PKW,UQ
PLAB UW,PLAB,UW
PLAN UN,PLAN,UN
PLAY UW,PLAY,UW
PLCE UW,PLCE,UW
PLG UA,PLG,UA
PLL UR,PLL,UR
PLMR UW,PLMR,UW
PLNT UN,PLNT,UN
PLOW UN,PLOW,UN
PLSE UR,PLSE,UR
PLT UN,PLT,UN
PLTM UP,PLTM,UP
PLUS UW,PLUS,UW
PLX UA,PLX,UA
PLXS UW,PLXS,UW
PLYA UW,PLYA,UW
PMT UN,PMT,UN
PMTS UV,PMTS,UV
PNC UN,PNC,UN
PNFP UW,PNFP,UW
PNM UN,PNM,UN
PNNT UW,PNNT,UW
PNQI UQ,PNQI,UQ
PNR UN,PNR,UN
PNTG UW,PNTG,UW
PNW UN,PNW,UN
PODD UW,PODD,UW
POOL UW,POOL,UW
POR UN,POR,UN
POST UN,POST,UN
POTX UQ,POTX,UQ
POWI UW,POWI,UW
POWL UW,POWL,UW
PPA UP,PPA,UP
PPBI UW,PPBI,UW
PPC UW,PPC,UW
PPD UW,PPD,UW
PPG UN,PPG,UN
PPH UQ,PPH,UQ
PPL UN,PPL,UN
PQG UN,PQG,UN
PRA UN,PRA,UN
PRAA UW,PRAA,UW
PRAH UW,PRAH,UW
PRF UP,PRF,UP
PRFT UW,PRFT,UW
PRFZ UQ,PRFZ,UQ
PRGO UN,PRGO,UN
PRGS UW,PRGS,UW
PRI UN,PRI,UN
PRIM UW,PRIM,UW
PRK UA,PRK,UA
PRKR UV,PRKR,UV
PRLB UN,PRLB,UN
PRMW UN,PRMW,UN
PRN UQ,PRN,UQ
PRO UN,PRO,UN
PRQR UQ,PRQR,UQ
PRSP UN,PRSP,UN
PRTA UW,PRTA,UW
PRTK UQ,PRTK,UQ
PRTY UN,PRTY,UN
PRVB UW,PRVB,UW
PSB UN,PSB,UN
PSCH UQ,PSCH,UQ
PSEC UW,PSEC,UW
PSL UQ,PSL,UQ
PSMT UW,PSMT,UW
PSN UN,PSN,UN
PSNL UQ,PSNL,UQ
PSO UN,PSO,UN
PSP UP,PSP,UP
PSQ UP,PSQ,UP
PST UP,PST,UP
PSTI UQ,PSTI,UQ
PSXP UN,PSXP,UN
PTC UW,PTC,UW
PTCT UW,PTCT,UW
PTE UR,PTE,UR
PTEN UW,PTEN,UW
PTF UQ,PTF,UQ
PTH UQ,PTH,UQ
PTLC UF,PTLC,UF
PTMN UW,PTMN,UW
PULM UR,PULM,UR
PUMP UN,PUMP,UN
PVAC UW,PVAC,UW
PVG UN,PVG,UN
PVL UN,PVL,UN
PWFL UQ,PWFL,UQ
PWR UN,PWR,UN
PXH UP,PXH,UP
PXI UQ,PXI,UQ
PXJ UP,PXJ,UP
PXLW UQ,PXLW,UQ
PZA UP,PZA,UP
PZN UN,PZN,UN
PZZA UW,PZZA,UW
QABA UQ,QABA,UQ
QADA UW,QADA,UW
QCRH UQ,QCRH,UQ
QDEL UW,QDEL,UW
QGEN UN,QGEN,UN
QID UP,QID,UP
QLD UP,QLD,UP
QLYS UW,QLYS,UW
QMCO UQ,QMCO,UQ
QNST UW,QNST,UW
QQEW UQ,QQEW,UQ
QQQE UP,QQQE,UP
QRTEA UW,QRTEA,UW
QRVO UW,QRVO,UW
QTEC UQ,QTEC,UQ
QTNT UQ,QTNT,UQ
QTS UN,QTS,UN
QTT UW,QTT,UW
QTWO UN,QTWO,UN
QUAD UN,QUAD,UN
QUIK UR,QUIK,UR
QUMU UR,QUMU,UR
QUOT UN,QUOT,UN
QURE UW,QURE,UW
QYLD UQ,QYLD,UQ
R UN,R,UN
RAD UN,RAD,UN
RADA UR,RADA,UR
RAIL UW,RAIL,UW
RAMP UN,RAMP,UN
RARE UW,RARE,UW
RAVE UR,RAVE,UR
RAVN UW,RAVN,UW
RBA UN,RBA,UN
RBBN UW,RBBN,UW
RBC UN,RBC,UN
RBCAA UW,RBCAA,UW
RBCN UR,RBCN,UR
RBLX UN,RBLX,UN
RC UN,RC,UN
RCI UN,RCI,UN
RCII UW,RCII,UW
RCKT UQ,RCKT,UQ
RCL UN,RCL,UN
RCM UW,RCM,UW
RCMT UQ,RCMT,UQ
RCPI UR,RCPI,UR
RCUS UN,RCUS,UN
RDFN UW,RDFN,UW
RDHL UQ,RDHL,UQ
RDI UR,RDI,UR
RDN UN,RDN,UN
RDNT UQ,RDNT,UQ
RDUS UQ,RDUS,UQ
RDWR UW,RDWR,UW
RE UN,RE,UN
REDU UQ,REDU,UQ
REED UR,REED,UR
REFR UR,REFR,UR
REG UW,REG,UW
REGI UW,REGI,UW
REGL UF,REGL,UF
REI UA,REI,UA
REK UP,REK,UP
RELL UW,RELL,UW
REM UF,REM,UF
REMX UP,REMX,UP
REPH UR,REPH,UR
RES UN,RES,UN
RESN UR,RESN,UR
RETA UQ,RETA,UQ
RETL UP,RETL,UP
REV UN,REV,UN
REVG UN,REVG,UN
REW UP,REW,UP
REXR UN,REXR,UN
REZ UP,REZ,UP
RFIL UQ,RFIL,UQ
RFL UN,RFL,UN
RFP UN,RFP,UN
RGA UN,RGA,UN
RGEN UW,RGEN,UW
RGLD UW,RGLD,UW
RGLS UR,RGLS,UR
RGNX UW,RGNX,UW
RGR UN,RGR,UN
RGS UN,RGS,UN
RHE UA,RHE,UA
RHI UN,RHI,UN
RHP UN,RHP,UN
RICE UN,RICE,UN
RICK UQ,RICK,UQ
RIDE UW,RIDE,UW
RIG UN,RIG,UN
RIGL UW,RIGL,UW
RILY UQ,RILY,UQ
RINF UP,RINF,UP
RING UQ,RING,UQ
RIOT UR,RIOT,UR
RJA UP,RJA,UP
RJF UN,RJF,UN
RJI UP,RJI,UP
RJN UP,RJN,UP
RKT UN,RKT,UN
RLGT UA,RLGT,UA
RLGY UN,RLGY,UN
RLI UN,RLI,UN
RLJ UN,RLJ,UN
RLMD UW,RLMD,UW
RM UN,RM,UN
RMAX UN,RMAX,UN
RMBS UW,RMBS,UW
RMD UN,RMD,UN
RMTI UQ,RMTI,UQ
RNET UW,RNET,UW
RNG UN,RNG,UN
RNR UN,RNR,UN
RNST UW,RNST,UW
RNWK UW,RNWK,UW
ROAD UW,ROAD,UW
ROCK UW,ROCK,UW
ROIC UW,ROIC,UW
ROL UN,ROL,UN
ROLL UW,ROLL,UW
ROM UP,ROM,UP
ROOT UW,ROOT,UW
ROP UN,ROP,UN
ROST UW,ROST,UW
ROYL UV,ROYL,UV
RPAI UN,RPAI,UN
RPD UQ,RPD,UQ
RPG UP,RPG,UP
RPM UN,RPM,UN
RPRX UW,RPRX,UW
RPT UN,RPT,UN
RPV UP,RPV,UP
RRC UN,RRC,UN
RRD UN,RRD,UN
RRGB UW,RRGB,UW
RRR UW,RRR,UW
RRTS UV,RRTS,UV
RS UN,RS,UN
RTH UQ,RTH,UQ
RTLR UW,RTLR,UW
RUBY UW,RUBY,UW
RUN UW,RUN,UW
RUSHA UW,RUSHA,UW
RUSL UP,RUSL,UP
RUTH UW,RUTH,UW
RVLV UN,RVLV,UN
RVNC UQ,RVNC,UQ
RVSB UW,RVSB,UW
RWJ UP,RWJ,UP
RWK UP,RWK,UP
RWL UP,RWL,UP
RWM UP,RWM,UP
RWR UP,RWR,UP
RWT UN,RWT,UN
RWX UP,RWX,UP
RXDX UW,RXDX,UW
RXN UN,RXN,UN
RXT UW,RXT,UW
RYAM UN,RYAM,UN
RYB UN,RYB,UN
RYH UP,RYH,UP
RYI UN,RYI,UN
RYN UN,RYN,UN
RYTM UQ,RYTM,UQ
SA UN,SA,UN
SAA UP,SAA,UP
SABR UW,SABR,UW
SAFE UN,SAFE,UN
SAFM UW,SAFM,UW
SAFT UW,SAFT,UW
SAGE UQ,SAGE,UQ
SAH UN,SAH,UN
SAIA UW,SAIA,UW
SAIC UN,SAIC,UN
SAIL UN,SAIL,UN
SALM UQ,SALM,UQ
SAM UN,SAM,UN
SANM UW,SANM,UW
SANW UR,SANW,UR
SASR UW,SASR,UW
SB UN,SB,UN
SBAC UW,SBAC,UW
SBCF UW,SBCF,UW
SBGI UW,SBGI,UW
SBH UN,SBH,UN
SBIO UP,SBIO,UP
SBLK UW,SBLK,UW
SBNY UW,SBNY,UW
SBRA UW,SBRA,UW
SBSI UW,SBSI,UW
SC UN,SC,UN
SCHA UP,SCHA,UP
SCHB UP,SCHB,UP
SCHC UP,SCHC,UP
SCHD UP,SCHD,UP
SCHE UP,SCHE,UP
SCHF UP,SCHF,UP
SCHG UP,SCHG,UP
SCHH UP,SCHH,UP
SCHL UW,SCHL,UW
SCHM UP,SCHM,UP
SCHN UW,SCHN,UW
SCHV UP,SCHV,UP
SCHX UP,SCHX,UP
SCJ UP,SCJ,UP
SCL UN,SCL,UN
SCM UN,SCM,UN
SCO UP,SCO,UP
SCON UV,SCON,UV
SCOR UW,SCOR,UW
SCPL UW,SCPL,UW
SCS UN,SCS,UN
SCSC UW,SCSC,UW
SCU UN,SCU,UN
SCVL UW,SCVL,UW
SCWX UW,SCWX,UW
SCYX UQ,SCYX,UQ
SCZ UQ,SCZ,UQ
SD UN,SD,UN
SDC UW,SDC,UW
SDGR UW,SDGR,UW
SDIV UP,SDIV,UP
SDOW UP,SDOW,UP
SDS UP,SDS,UP
SDTTU UV,SDTTU,UV
SDY UP,SDY,UP
SEAC UW,SEAC,UW
SEAS UN,SEAS,UN
SECO UQ,SECO,UQ
SEE UN,SEE,UN
SEED UR,SEED,UR
SEF UP,SEF,UP
SEIC UW,SEIC,UW
SELB UQ,SELB,UQ
SEM UN,SEM,UN
SENS UA,SENS,UA
SESN UQ,SESN,UQ
SF UN,SF,UN
SFBS UW,SFBS,UW
SFE UN,SFE,UN
SFIX UW,SFIX,UW
SFL UN,SFL,UN
SFNC UW,SFNC,UW
SFY UP,SFY,UP
SGC UQ,SGC,UQ
SGEN UW,SGEN,UW
SGG UP,SGG,UP
SGGFF UV,SGGFF,UV
SGMO UW,SGMO,UW
SGMS UW,SGMS,UW
SGOL UP,SGOL,UP
SGRY UW,SGRY,UW
SGU UN,SGU,UN
SH UP,SH,UP
SHEN UW,SHEN,UW
SHLDQ UV,SHLDQ,UV
SHLX UN,SHLX,UN
SHO UN,SHO,UN
SHOO UW,SHOO,UW
SHV UQ,SHV,UQ
SHW UN,SHW,UN
SHYG UP,SHYG,UP
SIBN UQ,SIBN,UQ
SIEN UW,SIEN,UW
SIG UN,SIG,UN
SIGA UQ,SIGA,UQ
SIGI UW,SIGI,UW
SIL UP,SIL,UP
SILC UW,SILC,UW
SILJ UP,SILJ,UP
SILK UW,SILK,UW
SILV UA,SILV,UA
SIRI UW,SIRI,UW
SITC UN,SITC,UN
SITE UN,SITE,UN
SIVB UW,SIVB,UW
SIVR UP,SIVR,UP
SIX UN,SIX,UN
SIZE UP,SIZE,UP
SJB UP,SJB,UP
SJI UN,SJI,UN
SJM UN,SJM,UN
SJNK UP,SJNK,UP
SJR UN,SJR,UN
SJT UN,SJT,UN
SJW UN,SJW,UN
SKF UP,SKF,UP
SKT UN,SKT,UN
SKYW UW,SKYW,UW
SKYY UQ,SKYY,UQ
SLAB UW,SLAB,UW
SLDB UW,SLDB,UW
SLF UN,SLF,UN
SLG UN,SLG,UN
SLGN UW,SLGN,UW
SLM UW,SLM,UW
SLP UR,SLP,UR
SLRC UW,SLRC,UW
SLRX UR,SLRX,UR
SLS UR,SLS,UR
SLX UP,SLX,UP
SMAR UN,SMAR,UN
SMCI UW,SMCI,UW
SMDV UF,SMDV,UF
SMED UR,SMED,UR
SMG UN,SMG,UN
SMHI UN,SMHI,UN
SMLP UN,SMLP,UN
SMMT UQ,SMMT,UQ
SMN UP,SMN,UP
SMOG UP,SMOG,UP
SMP UN,SMP,UN
SMPL UR,SMPL,UR
SMSI UR,SMSI,UR
SMTC UW,SMTC,UW
SNA UN,SNA,UN
SNBR UW,SNBR,UW
SNCR UW,SNCR,UW
SND UW,SND,UW
SNDL UR,SNDL,UR
SNDR UN,SNDR,UN
SNDX UW,SNDX,UW
SNLN UQ,SNLN,UQ
SNR UN,SNR,UN
SNV UN,SNV,UN
SNX UN,SNX,UN
SOCL UQ,SOCL,UQ
SOGO UN,SOGO,UN
SOI UN,SOI,UN
SOLO UR,SOLO,UR
SON UN,SON,UN
SONO UW,SONO,UW
SOXL UP,SOXL,UP
SOXS UP,SOXS,UP
SOYB UP,SOYB,UP
SP UW,SP,UW
SPB UN,SPB,UN
SPCE UN,SPCE,UN
SPDN UP,SPDN,UP
SPDW UP,SPDW,UP
SPEM UP,SPEM,UP
SPEU UP,SPEU,UP
SPGI UN,SPGI,UN
SPHB UP,SPHB,UP
SPHD UP,SPHD,UP
SPHQ UP,SPHQ,UP
SPHS UV,SPHS,UV
SPMO UP,SPMO,UP
SPNE UW,SPNE,UW
SPNS UW,SPNS,UW
SPOK UW,SPOK,UW
SPPI UW,SPPI,UW
SPRO UW,SPRO,UW
SPRT UR,SPRT,UR
SPSC UW,SPSC,UW
SPSM UP,SPSM,UP
SPTN UW,SPTN,UW
SPWH UW,SPWH,UW
SPWR UW,SPWR,UW
SPXC UN,SPXC,UN
SPXL UP,SPXL,UP
SPXS UP,SPXS,UP
SPXU UP,SPXU,UP
SPYG UP,SPYG,UP
SPYV UP,SPYV,UP
SQBG UR,SQBG,UR
SQNS UN,SQNS,UN
SQQQ UQ,SQQQ,UQ
SR UN,SR,UN
SRAX UR,SRAX,UR
SRC UN,SRC,UN
SRCE UW,SRCE,UW
SRCL UW,SRCL,UW
SRDX UW,SRDX,UW
SRE UN,SRE,UN
SREV UW,SREV,UW
SRI UN,SRI,UN
SRL UN,SRL,UN
SRLP UN,SRLP,UN
SRNE UR,SRNE,UR
SRPT UW,SRPT,UW
SRRA UQ,SRRA,UQ
SRS UP,SRS,UP
SRT UN,SRT,UN
SRTY UP,SRTY,UP
SSB UW,SSB,UW
SSD UN,SSD,UN
SSG UP,SSG,UP
SSNC UW,SSNC,UW
SSO UP,SSO,UP
SSP UW,SSP,UW
SSRM UW,SSRM,UW
SSSS UR,SSSS,UR
SSTK UN,SSTK,UN
SSYS UW,SSYS,UW
STAA UQ,STAA,UQ
STAG UN,STAG,UN
STAR UN,STAR,UN
STAY UW,STAY,UW
STBA UW,STBA,UW
STC UN,STC,UN
STCN UR,STCN,UR
STFC UW,STFC,UW
STKL UW,STKL,UW
STL UN,STL,UN
STLD UW,STLD,UW
STMP UW,STMP,UW
STNG UN,STNG,UN
STON UN,STON,UN
STOR UN,STOR,UN
STRA UW,STRA,UW
STRI UV,STRI,UV
STRL UW,STRL,UW
STRM UR,STRM,UR
STRO UQ,STRO,UQ
STWD UN,STWD,UN
STXS UA,STXS,UA
SUI UN,SUI,UN
SUM UN,SUM,UN
SUMO UW,SUMO,UW
SUN UN,SUN,UN
SUNS UW,SUNS,UW
SUNW UR,SUNW,UR
SUP UN,SUP,UN
SUPN UQ,SUPN,UQ
SUPV UN,SUPV,UN
SURG UV,SURG,UV
SUSL UQ,SUSL,UQ
SUZ UN,SUZ,UN
SVA UW,SVA,UW
SVC UW,SVC,UW
SVM UA,SVM,UA
SVMK UW,SVMK,UW
SVRA UW,SVRA,UW
SVVC UW,SVVC,UW
SWCH UN,SWCH,UN
SWI UN,SWI,UN
SWIR UW,SWIR,UW
SWK UN,SWK,UN
SWM UN,SWM,UN
SWX UN,SWX,UN
SXC UN,SXC,UN
SXI UN,SXI,UN
SXT UN,SXT,UN
SY UQ,SY,UQ
SYBT UW,SYBT,UW
SYBX UQ,SYBX,UQ
SYKE UW,SYKE,UW
SYNA UW,SYNA,UW
SYNH UW,SYNH,UW
SYNL UQ,SYNL,UQ
SYPR UQ,SYPR,UQ
SYRS UW,SYRS,UW
SYX UN,SYX,UN
TA UW,TA,UW
TACO UR,TACO,UR
TACT UQ,TACT,UQ
TAK UN,TAK,UN
TALO UN,TALO,UN
TAN UP,TAN,UP
TAP UN,TAP,UN
TARO UN,TARO,UN
TAST UW,TAST,UW
TBBK UW,TBBK,UW
TBF UP,TBF,UP
TBI UN,TBI,UN
TBK UW,TBK,UW
TBNK UW,TBNK,UW
TBPH UQ,TBPH,UQ
TBT UP,TBT,UP
TC UR,TC,UR
TCBI UW,TCBI,UW
TCBK UW,TCBK,UW
TCDA UW,TCDA,UW
TCF UW,TCF,UW
TCMD UQ,TCMD,UQ
TCPC UW,TCPC,UW
TCS UN,TCS,UN
TCX UR,TCX,UR
TDG UN,TDG,UN
TDIV UQ,TDIV,UQ
TDS UN,TDS,UN
TDW UN,TDW,UN
TDY UN,TDY,UN
TECH UW,TECH,UW
TECL UP,TECL,UP
TECS UP,TECS,UP
TELL UR,TELL,UR
TENB UW,TENB,UW
TENX UR,TENX,UR
TER UW,TER,UW
TEUM UV,TEUM,UV
TEX UN,TEX,UN
TFC UN,TFC,UN
TFSL UW,TFSL,UW
TFX UN,TFX,UN
TG UN,TG,UN
TGA UR,TGA,UR
TGB UA,TGB,UA
TGH UN,TGH,UN
TGI UN,TGI,UN
TGNA UN,TGNA,UN
TGP UN,TGP,UN
TGS UN,TGS,UN
TGTX UR,TGTX,UR
THC UN,THC,UN
THCX UP,THCX,UP
THFF UW,THFF,UW
THG UN,THG,UN
THM UA,THM,UA
THO UN,THO,UN
THR UN,THR,UN
THRM UW,THRM,UW
THS UN,THS,UN
TIIAY UV,TIIAY,UV
TILE UW,TILE,UW
TISI UN,TISI,UN
TITN UW,TITN,UW
TK UN,TK,UN
TKR UN,TKR,UN
TLGT UW,TLGT,UW
TLH UP,TLH,UP
TLND UQ,TLND,UQ
TLOG UV,TLOG,UV
TLYS UN,TLYS,UN
TMF UP,TMF,UP
TMHC UN,TMHC,UN
TMP UA,TMP,UA
TMQ UA,TMQ,UA
TMST UN,TMST,UN
TMV UP,TMV,UP
TNA UP,TNA,UP
TNC UN,TNC,UN
TNDM UQ,TNDM,UQ
TNK UN,TNK,UN
TNP UN,TNP,UN
TNXP UQ,TNXP,UQ
TOL UN,TOL,UN
TOUR UQ,TOUR,UQ
TOWN UW,TOWN,UW
TPB UN,TPB,UN
TPC UN,TPC,UN
TPCO UQ,TPCO,UQ
TPH UN,TPH,UN
TPIC UQ,TPIC,UQ
TPL UN,TPL,UN
TPTX UW,TPTX,UW
TPVG UN,TPVG,UN
TPX UN,TPX,UN
TQQQ UQ,TQQQ,UQ
TR UN,TR,UN
TRC UN,TRC,UN
TREC UN,TREC,UN
TREE UW,TREE,UW
TREX UN,TREX,UN
TRGP UN,TRGP,UN
TRHC UQ,TRHC,UQ
TRIB UW,TRIB,UW
TRIL UR,TRIL,UR
TRMB UW,TRMB,UW
TRMK UW,TRMK,UW
TRNO UN,TRNO,UN
TRNX UV,TRNX,UV
TROW UW,TROW,UW
TROX UN,TROX,UN
TRP UN,TRP,UN
TRQ UN,TRQ,UN
TRS UW,TRS,UW
TRST UW,TRST,UW
TRTN UN,TRTN,UN
TRTX UN,TRTX,UN
TRU UN,TRU,UN
TRUP UQ,TRUP,UQ
TRVN UR,TRVN,UR
TRX UA,TRX,UA
TSE UN,TSE,UN
TSEM UW,TSEM,UW
TSLX UN,TSLX,UN
TSQ UN,TSQ,UN
TTC UN,TTC,UN
TTD UQ,TTD,UQ
TTEC UW,TTEC,UW
TTEK UW,TTEK,UW
TTGT UQ,TTGT,UQ
TTI UN,TTI,UN
TTMI UW,TTMI,UW
TTNP UR,TTNP,UR
TTOO UQ,TTOO,UQ
TTSH UV,TTSH,UV
TTT UP,TTT,UP
TTWO UW,TTWO,UW
TUFN UN,TUFN,UN
TUP UN,TUP,UN
TURN UQ,TURN,UQ
TVTY UW,TVTY,UW
TW UW,TW,UW
TWER UV,TWER,UV
TWI UN,TWI,UN
TWIN UW,TWIN,UW
TWLO UN,TWLO,UN
TWM UP,TWM,UP
TWNK UR,TWNK,UR
TWO UN,TWO,UN
TWOU UW,TWOU,UW
TWST UW,TWST,UW
TXG UW,TXG,UW
TXMD UW,TXMD,UW
TXRH UW,TXRH,UW
TXT UN,TXT,UN
TYD UP,TYD,UP
TYL UN,TYL,UN
TYO UP,TYO,UP
TZA UP,TZA,UP
TZOO UW,TZOO,UW
UAMY UA,UAMY,UA
UAN UN,UAN,UN
UBA UN,UBA,UN
UBSI UW,UBSI,UW
UBT UP,UBT,UP
UBX UW,UBX,UW
UCBI UW,UCBI,UW
UCO UP,UCO,UP
UCTT UW,UCTT,UW
UDN UP,UDN,UP
UDOW UP,UDOW,UP
UDR UN,UDR,UN
UE UN,UE,UN
UEC UA,UEC,UA
UEIC UW,UEIC,UW
UEPS UW,UEPS,UW
UFCS UW,UFCS,UW
UFI UN,UFI,UN
UFPI UW,UFPI,UW
UFS UN,UFS,UN
UGA UP,UGA,UP
UGI UN,UGI,UN
UGL UP,UGL,UP
UHAL UW,UHAL,UW
UHS UN,UHS,UN
UHT UN,UHT,UN
UI UN,UI,UN
UIHC UR,UIHC,UR
UIS UN,UIS,UN
ULBI UQ,ULBI,UQ
ULE UP,ULE,UP
UMBF UW,UMBF,UW
UMDD UP,UMDD,UP
UMH UN,UMH,UN
UMPQ UW,UMPQ,UW
UNF UN,UNF,UN
UNFI UN,UNFI,UN
UNG UP,UNG,UP
UNIT UW,UNIT,UW
UNL UP,UNL,UP
UNM UN,UNM,UN
UNXLQ UV,UNXLQ,UV
UONEK UR,UONEK,UR
UPLD UQ,UPLD,UQ
UPRO UP,UPRO,UP
UPST UW,UPST,UW
UPWK UW,UPWK,UW
URA UP,URA,UP
URBN UW,URBN,UW
URE UP,URE,UP
URI UN,URI,UN
URTY UP,URTY,UP
USAC UN,USAC,UN
USAK UW,USAK,UW
USAS UA,USAS,UA
USCR UW,USCR,UW
USD UP,USD,UP
USDP UN,USDP,UN
USDU UP,USDU,UP
USEG UR,USEG,UR
USFD UN,USFD,UN
USHY UF,USHY,UF
USL UP,USL,UP
USM UN,USM,UN
USMV UF,USMV,UF
USNA UN,USNA,UN
USO UP,USO,UP
USPH UN,USPH,UN
UST UP,UST,UP
UTHR UW,UTHR,UW
UTI UN,UTI,UN
UTL UN,UTL,UN
UTSI UW,UTSI,UW
UUUU UA,UUUU,UA
UVE UN,UVE,UN
UVSP UW,UVSP,UW
UVV UN,UVV,UN
UWM UP,UWM,UP
UXI UP,UXI,UP
UXIN UW,UXIN,UW
UYG UP,UYG,UP
UYM UP,UYM,UP
VAC UN,VAC,UN
VAW UP,VAW,UP
VB UP,VB,UP
VBIV UR,VBIV,UR
VBK UP,VBK,UP
VBLT UQ,VBLT,UQ
VBR UP,VBR,UP
VBTX UQ,VBTX,UQ
VC UW,VC,UW
VCEL UR,VCEL,UR
VCIT UQ,VCIT,UQ
VCLT UQ,VCLT,UQ
VCR UP,VCR,UP
VCRA UN,VCRA,UN
VCYT UQ,VCYT,UQ
VDC UP,VDC,UP
VDE UP,VDE,UP
VEA UP,VEA,UP
VEC UN,VEC,UN
VECO UW,VECO,UW
VEDL UN,VEDL,UN
VEEV UN,VEEV,UN
VEON UW,VEON,UW
VER UN,VER,UN
VERU UR,VERU,UR
VET UN,VET,UN
VEU UP,VEU,UP
VFF UR,VFF,UR
VFH UP,VFH,UP
VG UW,VG,UW
VGR UN,VGR,UN
VGT UP,VGT,UP
VGZ UA,VGZ,UA
VHC UN,VHC,UN
VHI UN,VHI,UN
VHT UP,VHT,UP
VIAC UW,VIAC,UW
VIACA UW,VIACA,UW
VIAV UW,VIAV,UW
VICI UN,VICI,UN
VICR UW,VICR,UW
VIEWF UV,VIEWF,UV
VIG UP,VIG,UP
VIRT UW,VIRT,UW
VIVE UR,VIVE,UR
VIVO UW,VIVO,UW
VIXM UF,VIXM,UF
VIXY UF,VIXY,UF
VJET UR,VJET,UR
VKTX UR,VKTX,UR
VLRS UN,VLRS,UN
VLY UW,VLY,UW
VMI UN,VMI,UN
VMW UN,VMW,UN
VNCE UN,VNCE,UN
VNDA UQ,VNDA,UQ
VNOM UW,VNOM,UW
VNQI UQ,VNQI,UQ
VNT UN,VNT,UN
VNTR UN,VNTR,UN
VO UP,VO,UP
VOC UN,VOC,UN
VOE UP,VOE,UP
VOLT UA,VOLT,UA
VONV UQ,VONV,UQ
VOT UP,VOT,UP
VOX UP,VOX,UP
VOXX UW,VOXX,UW
VOYA UN,VOYA,UN
VPG UN,VPG,UN
VPU UP,VPU,UP
VRA UW,VRA,UW
VRAY UQ,VRAY,UQ
VREX UW,VREX,UW
VRM UW,VRM,UW
VRNS UW,VRNS,UW
VRNT UW,VRNT,UW
VRP UP,VRP,UP
VRRM UR,VRRM,UR
VRS UN,VRS,UN
VRSK UW,VRSK,UW
VRSN UW,VRSN,UW
VRTS UW,VRTS,UW
VRTV UN,VRTV,UN
VSAT UW,VSAT,UW
VSH UN,VSH,UN
VSS UP,VSS,UP
VST UN,VST,UN
VSTM UQ,VSTM,UQ
VSTO UN,VSTO,UN
VT UP,VT,UP
VTI UP,VTI,UP
VTNR UR,VTNR,UR
VTR UN,VTR,UN
VTRS UW,VTRS,UW
VUG UP,VUG,UP
VUZI UR,VUZI,UR
VV UP,VV,UP
VVI UN,VVI,UN
VVV UN,VVV,UN
VXF UP,VXF,UP
VXRT UR,VXRT,UR
VXUS UQ,VXUS,UQ
VXZ UF,VXZ,UF
VYGR UW,VYGR,UW
W UN,W,UN
WAB UN,WAB,UN
WABC UW,WABC,UW
WAFD UW,WAFD,UW
WAL UN,WAL,UN
WASH UW,WASH,UW
WATT UR,WATT,UR
WBS UN,WBS,UN
WBT UN,WBT,UN
WCC UN,WCC,UN
WCN UN,WCN,UN
WD UN,WD,UN
WDC UW,WDC,UW
WDFC UW,WDFC,UW
WDR UN,WDR,UN
WEAT UP,WEAT,UP
WEC UN,WEC,UN
WEN UW,WEN,UW
WERN UW,WERN,UW
WES UN,WES,UN
WETF UW,WETF,UW
WEX UN,WEX,UN
WGO UN,WGO,UN
WH UN,WH,UN
WHD UN,WHD,UN
WHG UN,WHG,UN
WHR UN,WHR,UN
WHZT UV,WHZT,UV
WIFI UW,WIFI,UW
WING UW,WING,UW
WINT UR,WINT,UR
WIRE UW,WIRE,UW
WISH UW,WISH,UW
WIX UW,WIX,UW
WK UN,WK,UN
WLDN UQ,WLDN,UQ
WLK UN,WLK,UN
WLKP UN,WLKP,UN
WLTW UW,WLTW,UW
WMB UN,WMB,UN
WMC UN,WMC,UN
WMG UW,WMG,UW
WMS UN,WMS,UN
WNC UN,WNC,UN
WNEB UW,WNEB,UW
WOOD UQ,WOOD,UQ
WOOF UW,WOOF,UW
WOR UN,WOR,UN
WOW UN,WOW,UN
WPC UN,WPC,UN
WPG UN,WPG,UN
WPRT UW,WPRT,UW
WPS UP,WPS,UP
WRB UN,WRB,UN
WRE UN,WRE,UN
WRI UN,WRI,UN
WRK UN,WRK,UN
WRLD UW,WRLD,UW
WSBC UW,WSBC,UW
WSBF UW,WSBF,UW
WSC UR,WSC,UR
WSFS UW,WSFS,UW
WSM UN,WSM,UN
WSO UN,WSO,UN
WSR UN,WSR,UN
WST UN,WST,UN
WTBA UW,WTBA,UW
WTFC UW,WTFC,UW
WTI UN,WTI,UN
WTM UN,WTM,UN
WTRG UN,WTRG,UN
WTRH UW,WTRH,UW
WTS UN,WTS,UN
WTTR UN,WTTR,UN
WW UW,WW,UW
WWD UW,WWD,UW
WWE UN,WWE,UN
WWW UN,WWW,UN
WY UN,WY,UN
XAR UP,XAR,UP
XBIT UW,XBIT,UW
XEC UN,XEC,UN
XEL UW,XEL,UW
XENE UQ,XENE,UQ
XENT UQ,XENT,UQ
XERS UW,XERS,UW
XES UP,XES,UP
XHB UP,XHB,UP
XHE UP,XHE,UP
XHR UN,XHR,UN
XLB UP,XLB,UP
XLC UP,XLC,UP
XLI UP,XLI,UP
XLP UP,XLP,UP
XLRE UP,XLRE,UP
XLRN UQ,XLRN,UQ
XLY UP,XLY,UP
XMLV UP,XMLV,UP
XNCR UQ,XNCR,UQ
XNET UW,XNET,UW
XOG UW,XOG,UW
XOMA UQ,XOMA,UQ
XONE UW,XONE,UW
XPER UW,XPER,UW
XPH UP,XPH,UP
XPO UN,XPO,UN
XPP UP,XPP,UP
XRAY UW,XRAY,UW
XRT UP,XRT,UP
XRX UN,XRX,UN
XSD UP,XSD,UP
XSPA UR,XSPA,UR
XT UQ,XT,UQ
XXII UA,XXII,UA
Y UN,Y,UN
YANG UP,YANG,UP
YCBD UA,YCBD,UA
YCL UP,YCL,UP
YCS UP,YCS,UP
YELL UW,YELL,UW
YELP UN,YELP,UN
YETI UN,YETI,UN
YEXT UN,YEXT,UN
YINN UP,YINN,UP
YOLO UP,YOLO,UP
YORW UW,YORW,UW
YRD UN,YRD,UN
YTEN UR,YTEN,UR
YXI UP,YXI,UP
Z UW,Z,UW
ZAZA UV,ZAZA,UV
ZBH UN,ZBH,UN
ZBRA UW,ZBRA,UW
ZEN UN,ZEN,UN
ZEUS UW,ZEUS,UW
ZG UW,ZG,UW
ZGNX UQ,ZGNX,UQ
ZI UW,ZI,UW
ZION UW,ZION,UW
ZIOP UW,ZIOP,UW
ZIXI UW,ZIXI,UW
ZLAB UQ,ZLAB,UQ
ZNGA UW,ZNGA,UW
ZROZ UP,ZROZ,UP
ZSL UP,ZSL,UP
ZTS UN,ZTS,UN
ZUMZ UW,ZUMZ,UW
ZUO UN,ZUO,UN
ZVO UW,ZVO,UW
ZYME UN,ZYME,UN
ZYNE UQ,ZYNE,UQ
ZYXI UR,ZYXI,UR
IAEX NA,IAEX,NA
IBCI NA,IBCI,NA
IBGM NA,IBGM,NA
IDVY NA,IDVY,NA
IPRP NA,IPRP,NA
UNA NA,UNA,NA
RAND NA,RAND,NA
AKZA NA,AKZA,NA
HEIA NA,HEIA,NA
URW NA,URW,NA
GLPG NA,GLPG,NA
KPN NA,KPN,NA
PHIA NA,PHIA,NA
ASM NA,ASM,NA
INGA NA,INGA,NA
RDSA NA,RDSA,NA
ABN NA,ABN,NA
NN NA,NN,NA
PNL NA,PNL,NA
DSM NA,DSM,NA
AD NA,AD,NA
MT NA,MT,NA
AGN NA,AGN,NA
REN NA,REN,NA
SBMO NA,SBMO,NA
FUR NA,FUR,NA
WKL NA,WKL,NA
BOKA NA,BOKA,NA
CRBN NA,CRBN,NA
ATC NA,ATC,NA
ADYEN NA,ADYEN,NA
2800 HK,2800,HK
2801 HK,2801,HK
2822 HK,2822,HK
2823 HK,2823,HK
2828 HK,2828,HK
3010 HK,3010,HK
3188 HK,3188,HK
82822 HK,82822,HK
82823 HK,82823,HK
83188 HK,83188,HK
778 HK,778,HK
101 HK,101,HK
998 HK,998,HK
788 HK,788,HK
762 HK,762,HK
1313 HK,1313,HK
902 HK,902,HK
3311 HK,3311,HK
941 HK,941,HK
1071 HK,1071,HK
2202 HK,2202,HK
2318 HK,2318,HK
1099 HK,1099,HK
1928 HK,1928,HK
2208 HK,2208,HK
2333 HK,2333,HK
3328 HK,3328,HK
5 HK,5,HK
168 HK,168,HK
288 HK,288,HK
323 HK,323,HK
728 HK,728,HK
763 HK,763,HK
916 HK,916,HK
1088 HK,1088,HK
1958 HK,1958,HK
6881 HK,6881,HK
285 HK,285,HK
347 HK,347,HK
358 HK,358,HK
670 HK,670,HK
1211 HK,1211,HK
1398 HK,1398,HK
2009 HK,2009,HK
2196 HK,2196,HK
2238 HK,2238,HK
2600 HK,2600,HK
2628 HK,2628,HK
2899 HK,2899,HK
3969 HK,3969,HK
3993 HK,3993,HK
386 HK,386,HK
390 HK,390,HK
753 HK,753,HK
816 HK,816,HK
857 HK,857,HK
880 HK,880,HK
939 HK,939,HK
991 HK,991,HK
1055 HK,1055,HK
1138 HK,1138,HK
1186 HK,1186,HK
1288 HK,1288,HK
1336 HK,1336,HK
1766 HK,1766,HK
1798 HK,1798,HK
1800 HK,1800,HK
1816 HK,1816,HK
2282 HK,2282,HK
2601 HK,2601,HK
2883 HK,2883,HK
2888 HK,2888,HK
3606 HK,3606,HK
3968 HK,3968,HK
3988 HK,3988,HK
6030 HK,6030,HK
6837 HK,6837,HK
522 HK,522,HK
2777 HK,2777,HK
3323 HK,3323,HK
3888 HK,3888,HK
151 HK,151,HK
551 HK,551,HK
700 HK,700,HK
981 HK,981,HK
322 HK,322,HK
823 HK,823,HK
1093 HK,1093,HK
1177 HK,1177,HK
1810 HK,1810,HK
1910 HK,1910,HK
178 HK,178,HK
973 HK,973,HK
1317 HK,1317,HK
6068 HK,6068,HK
590 HK,590,HK
1929 HK,1929,HK
388 HK,388,HK
945 HK,945,HK
1128 HK,1128,HK
1347 HK,1347,HK
2018 HK,2018,HK
11 HK,11,HK
14 HK,14,HK
2778 HK,2778,HK
6823 HK,6823,HK
2 HK,2,HK
2020 HK,2020,HK
2689 HK,2689,HK
16 HK,16,HK
23 HK,23,HK
293 HK,293,HK
19 HK,19,HK
257 HK,257,HK
1038 HK,1038,HK
1972 HK,1972,HK
2269 HK,2269,HK
1 HK,1,HK
1112 HK,1112,HK
1966 HK,1966,HK
688 HK,688,HK
1044 HK,1044,HK
27 HK,27,HK
83 HK,83,HK
12 HK,12,HK
175 HK,175,HK
836 HK,836,HK
1818 HK,1818,HK
2001 HK,2001,HK
2331 HK,2331,HK
2313 HK,2313,HK
694 HK,694,HK
813 HK,813,HK
1114 HK,1114,HK
371 HK,371,HK
489 HK,489,HK
1066 HK,1066,HK
1169 HK,1169,HK
2319 HK,2319,HK
6808 HK,6808,HK
200 HK,200,HK
520 HK,520,HK
552 HK,552,HK
581 HK,581,HK
636 HK,636,HK
1515 HK,1515,HK
1628 HK,1628,HK
1918 HK,1918,HK
2388 HK,2388,HK
3800 HK,3800,HK
1212 HK,1212,HK
1997 HK,1997,HK
669 HK,669,HK
2038 HK,2038,HK
1316 HK,1316,HK
839 HK,839,HK
883 HK,883,HK
2328 HK,2328,HK
6 HK,6,HK
87001 HK,87001,HK
2638 HK,2638,HK
2383 HK,2383,HK
4 HK,4,HK
20 HK,20,HK
772 HK,772,HK
2314 HK,2314,HK
2382 HK,2382,HK
2386 HK,2386,HK
2588 HK,2588,HK
1109 HK,1109,HK
69 HK,69,HK
425 HK,425,HK
3377 HK,3377,HK
3383 HK,3383,HK
1193 HK,1193,HK
1299 HK,1299,HK
1337 HK,1337,HK
2007 HK,2007,HK
3900 HK,3900,HK
960 HK,960,HK
817 HK,817,HK
1813 HK,1813,HK
1113 HK,1113,HK
1913 HK,1913,HK
220 HK,220,HK
9988 HK,9988,HK
2359 HK,2359,HK
1833 HK,1833,HK
914 HK,914,HK
3690 HK,3690,HK
9618 HK,9618,HK
9999 HK,9999,HK
291 HK,291,HK
HLE GY,HLE,GY
SAP GY,SAP,GY
SOW GY,SOW,GY
BAS GY,BAS,GY
DAI GY,DAI,GY
KGX GY,KGX,GY
PUM GY,PUM,GY
WCH GY,WCH,GY
G1A GY,G1A,GY
MTX GY,MTX,GY
1COV GY,1COV,GY
DB1 GY,DB1,GY
FME GY,FME,GY
FRE GY,FRE,GY
KU2 GY,KU2,GY
QIA GY,QIA,GY
SY1 GY,SY1,GY
BAYN GY,BAYN,GY
DBK GY,DBK,GY
KRN GY,KRN,GY
RIB GY,RIB,GY
VOW GY,VOW,GY
VOW3 GY,VOW3,GY
CON GY,CON,GY
DPW GY,DPW,GY
IFX GY,IFX,GY
LIN GY,LIN,GY
OSR GY,OSR,GY
UN01 GY,UN01,GY
UTDI GY,UTDI,GY
DWNI GY,DWNI,GY
GBF GY,GBF,GY
LXS GY,LXS,GY
SAX GY,SAX,GY
HEN3 GY,HEN3,GY
MRK GY,MRK,GY
RWE GY,RWE,GY
LEG GY,LEG,GY
TKA GY,TKA,GY
B4B GY,B4B,GY
EOAN GY,EOAN,GY
O2D GY,O2D,GY
SHL GY,SHL,GY
BOSS GY,BOSS,GY
PFV GY,PFV,GY
SGL GY,SGL,GY
SHA GY,SHA,GY
VNA GY,VNA,GY
ADS GY,ADS,GY
BMW GY,BMW,GY
DLG GY,DLG,GY
HNR1 GY,HNR1,GY
RRTL GY,RRTL,GY
WDI GY,WDI,GY
CBK GY,CBK,GY
DEZ GY,DEZ,GY
DTE GY,DTE,GY
DUE GY,DUE,GY
G24 GY,G24,GY
HEI GY,HEI,GY
HOT GY,HOT,GY
LHA GY,LHA,GY
MUV2 GY,MUV2,GY
PSM GY,PSM,GY
SIE GY,SIE,GY
ALV GY,ALV,GY
CEC GY,CEC,GY
GXI GY,GXI,GY
BEI GY,BEI,GY
PAH3 GY,PAH3,GY
AEEM FP,AEEM,FP
AFLE FP,AFLE,FP
ASI FP,ASI,FP
AUEM FP,AUEM,FP
BNKE FP,BNKE,FP
C5E FP,C5E,FP
CAC FP,CAC,FP
CEU FP,CEU,FP
CU2 FP,CU2,FP
CV9 FP,CV9,FP
CW8 FP,CW8,FP
ECN FP,ECN,FP
EEA FP,EEA,FP
EEE FP,EEE,FP
ESD FP,ESD,FP
ESE FP,ESE,FP
ETDD FP,ETDD,FP
ETZ FP,ETZ,FP
EVOE FP,EVOE,FP
INFL FP,INFL,FP
INR FP,INR,FP
JPN FP,JPN,FP
MEU FP,MEU,FP
MFE FP,MFE,FP
MSE FP,MSE,FP
MTC FP,MTC,FP
MTI FP,MTI,FP
MTX FP,MTX,FP
NRAM FP,NRAM,FP
STN FP,STN,FP
STS FP,STS,FP
WAT FP,WAT,FP
WLD FP,WLD,FP
MC FP,MC,FP
BOL FP,BOL,FP
ICAD FP,ICAD,FP
BB FP,BB,FP
FTI FP,FTI,FP
DSY FP,DSY,FP
ELIS FP,ELIS,FP
SCR FP,SCR,FP
STM FP,STM,FP
SESG FP,SESG,FP
NK FP,NK,FP
ORA FP,ORA,FP
AIR FP,AIR,FP
AKE FP,AKE,FP
FP FP,FP,FP
SEV FP,SEV,FP
TFI FP,TFI,FP
UBI FP,UBI,FP
XFAB FP,XFAB,FP
AF FP,AF,FP
BNP FP,BNP,FP
RXL FP,RXL,FP
SAF FP,SAF,FP
SAN FP,SAN,FP
ILD FP,ILD,FP
EN FP,EN,FP
VK FP,VK,FP
CNP FP,CNP,FP
TRI FP,TRI,FP
RCO FP,RCO,FP
ALO FP,ALO,FP
GLE FP,GLE,FP
ENGI FP,ENGI,FP
KN FP,KN,FP
LR FP,LR,FP
SW FP,SW,FP
VIE FP,VIE,FP
ACA FP,ACA,FP
LI FP,LI,FP
ML FP,ML,FP
KER FP,KER,FP
ADP FP,ADP,FP
AI FP,AI,FP
CAP FP,CAP,FP
IPN FP,IPN,FP
POM FP,POM,FP
RI FP,RI,FP
RNO FP,RNO,FP
VIV FP,VIV,FP
EDF FP,EDF,FP
ETL FP,ETL,FP
EO FP,EO,FP
GFC FP,GFC,FP
WLN FP,WLN,FP
ATO FP,ATO,FP
AC FP,AC,FP
CS FP,CS,FP
FR FP,FR,FP
SGO FP,SGO,FP
SU FP,SU,FP
EDEN FP,EDEN,FP
SOP FP,SOP,FP
HO FP,HO,FP
UG FP,UG,FP
BIM FP,BIM,FP
BN FP,BN,FP
FGR FP,FGR,FP
FNAC FP,FNAC,FP
BVI FP,BVI,FP
CA FP,CA,FP
GET FP,GET,FP
SK FP,SK,FP
TEP FP,TEP,FP
DG FP,DG,FP
PUB FP,PUB,FP
OR FP,OR,FP
BLC FP,BLC,FP
CRI FP,CRI,FP
RF FP,RF,FP
RUI FP,RUI,FP
CO FP,CO,FP
MMB FP,MMB,FP
MF FP,MF,FP
RMS FP,RMS,FP
ORP FP,ORP,FP
ERF FP,ERF,FP
ABIO FP,ABIO,FP
DEC FP,DEC,FP
SPIE FP,SPIE,FP
LNA FP,LNA,FP
SCHP FP,SCHP,FP
COIN UW,COIN,UW
4063 JT,4063,JT
7267 JT,7267,JT
8306 JT,8306,JT
2651 JT,2651,JT
7741 JT,7741,JT
8604 JT,8604,JT
9201 JT,9201,JT
7752 JT,7752,JT
7203 JT,7203,JT
8411 JT,8411,JT
8316 JT,8316,JT
8750 JT,8750,JT
8795 JT,8795,JT
8766 JT,8766,JT
6762 JT,6762,JT
3436 JT,3436,JT
8031 JT,8031,JT
8058 JT,8058,JT
6752 JT,6752,JT
7011 JT,7011,JT
8002 JT,8002,JT
8001 JT,8001,JT
8053 JT,8053,JT
6702 JT,6702,JT
6723 JT,6723,JT
6301 JT,6301,JT
9433 JT,9433,JT
3382 JT,3382,JT
7261 JT,7261,JT
5202 JT,5202,JT
6758 JT,6758,JT
9983 JT,9983,JT
6501 JT,6501,JT
6098 JT,6098,JT
6146 JT,6146,JT
8035 JT,8035,JT
6857 JT,6857,JT
7270 JT,7270,JT
7202 JT,7202,JT
6902 JT,6902,JT
8802 JT,8802,JT
8801 JT,8801,JT
8830 JT,8830,JT
8804 JT,8804,JT
8601 JT,8601,JT
9009 JT,9009,JT
9007 JT,9007,JT
9008 JT,9008,JT
9044 JT,9044,JT
9001 JT,9001,JT
9003 JT,9003,JT
9041 JT,9041,JT
9006 JT,9006,JT
9048 JT,9048,JT
9020 JT,9020,JT
4186 JT,4186,JT
4185 JT,4185,JT
4755 JT,4755,JT
4568 JT,4568,JT
4502 JT,4502,JT
4527 JT,4527,JT
7735 JT,7735,JT
8022 JT,8022,JT
7867 JT,7867,JT
6861 JT,6861,JT
6920 JT,6920,JT
7012 JT,7012,JT
5331 JT,5331,JT
6419 JT,6419,JT
6592 JT,6592,JT
6954 JT,6954,JT
6367 JT,6367,JT
6981 JT,6981,JT
4901 JT,4901,JT
8697 JT ,8697,JT
2269 JT ,2269,JT
2503 JT ,2503,JT
2502 JT ,2502,JT
7013 JT,7013,JT
2914 JT,2914,JT
5333 JT,5333,JT
5332 JT,5332,JT
4927 JT,4927,JT
4911 JT,4911,JT
6506 JT,6506,JT
7839 JT,7839,JT
3923 JT,3923,JT
4452 JT,4452,JT
ONON UN,ONON,UN
IONQ UN,IONQ,UN
4912 JT,4912,JT
4004 JT,4004,JT
7201 JT,7201,JT
TLN UW,TLN,UW
CEG UW,CEG,UW
SMR UN,SMR,UN
LEU US,LEU,US
SERV UQ,SERV,UQ
SOFI UQ,SOFI,UQ
CHT UN,CHT,UN
WOLF UN,WOLF,UN
VRT UN,VRT,UN
VIST UN,VIST,UN
8253 JT,8253,JT
4578 JT,4578,JT
NVO UN,NVO,UN
HOOD UW,HOOD,UW
DUOL UW,DUOL,UW
6503 JT,6503,JT
GFI UN,GFI,UN
5802 JT,5802,JT
6525 JT,6525,JT
CRCL UN,CRCL,UN
ALAB UW,ALAB,UW
5803 JT,5803,JT
SOUN UW,SOUN,UW
NU UN,NU,UN
MP UN,MP,UN
OKLO UN,OKLO,UN
8085 JT,8085,JT
NLR UP,NLR,UP
NMR UN,NMR,UN
QUBT UR,QUBT,UR
TEM UW,TEM,UW
HIMS UN,HIMS,UN
2127 JT,2127,JT
7729 JT,7729,JT
CRWV UQ,CRWV,UQ
CRDO UQ,CRDO,UQ
NBIS UQ,NBIS,UQ
FIG UN,FIG,UN
9432 JT,9432,JT
CFLT UQ,CFLT,UQ
CPNG UN,CPNG,UN
2107 JT,2107,JT
7964 JT,7964,JT
GEV UN,GEV,UN
6946 JT,6946,JT
4403 JT,4403,JT
5108 JT,5108,JT
5713 JT,5713,JT
6770 JT,6770,JT
9502 JT,9502,JT
9503 JT,9503,JT
9531 JT,9531,JT
9532 JT,9532,JT
RKLB UQ,RKLB,UQ
SNDK UQ,SNDK,UQ
AEM UN,AEM,UN
SPCX UQ,SPCX,UQ
CBRS UQ,CBRS,UQ
285A JT,285A,JT
SKHY UQ,SKHY,UQ
ONDS UQ,ONDS,UQ